label	review
1	–¢–µ–ª–µ—Ñ–æ–Ω Samsung Galaxy J1 ..2016 –ü—Ä–∏–≤–µ—Ç –≤—Å–µ–º! –•–æ—á—É –ø–æ–¥–µ–ª–∏—Ç—Å—è —Å–≤–æ–∏–º–∏ –≤–ø–µ—á–∞—Ç–ª–µ–Ω–∏—è–º–∏ –æ —Ç–µ–ª–µ—Ñ–æ–Ω–µ Samsung Galaxy j1 –ö–æ—Ä–ø—É—Å –∏–º–µ–µ—Ç —Å—Ä–µ–¥–Ω—é—é —Ç–æ–ª—â–∏–Ω—É —É–¥–æ–±–Ω–æ —Å–∏–¥–∏—Ç –≤ —Ä—É–∫–µ –Ω–µ —Å–∫–æ–ª—å–∑–∏—Ç. –Ø –≤—ã–±—Ä–∞–ª–∞ –∑–æ–ª–æ—Ç–æ–π –æ—á–µ–Ω—å –∫—Ä–∞—Å–∏–≤—ã–π .–ü—Ä–∏ –∞–∫—Ç–∏–≤–Ω–æ–º –∏—Å–ø–æ–ª—å–∑–æ–≤–∞–Ω–∏–∏ –∑–∞—Ä—è–¥–∞ —Ö–≤–∞—Ç–∞–µ—Ç –Ω–∞ —Å—É—Ç–∫–∏. –ö–∞–º–µ—Ä–∞ –Ω–µ –ø–ª–æ—Ö–∞—è —Ñ–æ—Ç–æ–≥—Ä–∞—Ñ–∏–∏ –ø–æ–ª—É—á–∞—é—Ç—Å—è –Ω–µ –ø–ª–æ—Ö–æ. –ó–≤—É–∫ —á–∏—Å—Ç—ã–π –≥—Ä–æ–º–∫–æ—Å—Ç—å –¥–æ—Å—Ç–∞—Ç–æ—á–Ω–∞—è. –•–æ—Ä–æ—à–∏–π –±—ã—Å—Ç—Ä—ã–π –æ—Ç–∫–ª–∏–∫.–ü–∞–º—è—Ç–∏ –º–∞–ª–æ–≤–∞—Ç–æ . –ï—Å—Ç—å –µ—â–µ –æ—á–µ–Ω—å —É–¥–æ–±–Ω—ã–π —Ä–µ–∂–∏–º –Ω–∞ —É–ª–∏—Ü–µ. –í —Å–æ–ª–Ω–µ—á–Ω—É—é –ø–æ–≥–æ–¥—É –∫–æ–≥–¥–∞ –ø–ª–æ—Ö–æ –≤–∏–¥–Ω–æ —á—Ç–æ —Ç–æ –Ω–∞ —ç–∫—Ä–∞–Ω–µ –∑–∞–ø—É—Å–∫–∞–µ—à—å —ç—Ç–æ—Ç —Ä–µ–∂–∏–º –∏ –≤—Å–µ —Ö–æ—Ä–æ—à–æ –≤–∏–¥–Ω–æ. –ö—Ä–∞—Å–∏–≤—ã–π —Å–æ—á–Ω—ã–π —ç–∫—Ä–∞–Ω Super Amoled –æ—Ç–ª–∏—á–Ω–∞—è —Ü–≤–µ—Ç–æ–ø–µ—Ä–µ–¥–∞—á–∞ . –£–¥–æ–±–Ω—ã–π –∏ –ø–æ–Ω—è—Ç–Ω—ã–π –∏–Ω—Ç–µ—Ä—Ñ–µ–π—Å. –°–µ–Ω—Å–æ—Ä —Ä–µ–∞–≥–∏—Ä—É–µ—Ç –æ—Ç–ª–∏—á–Ω–æ –¥–∞–∂–µ –ø—Ä–∏ —Å–ª–∞–±–æ–º –∫–∞—Å–∞–Ω–∏–∏ –ú–Ω–µ –æ–Ω —Å—Ä–∞–∑—É –ø–æ–Ω—Ä–∞–≤–∏–ª—Å—è –ø–æ —Å–≤–æ–µ–º—É –≤–Ω–µ—à–Ω–µ–º—É –≤–∏–¥—É.
0	"Xiaomi Redmi Note 5 (RN5) 4/64GB —Ç–æ–ª—å–∫–æ –æ–±—ä–µ–∫—Ç–∏–≤–Ω—ã–µ –º–∏–Ω—É—Å—ã –ü–æ–ª—É—á–∏–ª –Ω–æ–≤–æ–≥–æ –¥—Ä—É–≥–∞ –æ—Ç —Å—è–æ–º–∏ –±—É–∫–≤–∞–ª—å–Ω–æ 3 –¥–Ω—è –Ω–∞–∑–∞–¥. –í –æ—Ç–∑—ã–≤–µ –±—É–¥–µ—Ç —Ç–æ–ª—å–∫–æ –æ—Ç—Ä–∏—Ü–∞—Ç–µ–ª—å–Ω—ã–µ —Å—Ç–æ—Ä–æ–Ω—ã: 1) –î–∏–∞–≥–æ–Ω–∞–ª—å 6"" –¥–∞–∂–µ –¥–ª—è —Å–æ–æ—Ç–Ω–æ—à–µ–Ω–∏—è —Å—Ç–æ—Ä–æ–Ω 18:9 —ç—Ç–æ –º–Ω–æ–≥–æ. –ú–æ–π –ø—Ä–∏–¥–µ–ª 5,5"". –ë–æ–ª—å—à–∏–º –ø–∞–ª—å—Ü–µ–º –Ω–µ –¥–æ—Å—Ç–∞—é –¥–æ –∫—Ä–∞—è —ç–∫—Ä–∞–Ω–∞. –î–∞ –∏ –≤–æ–æ–±—â–µ –≤—Å–µ —ç—Ç–∏ —Ñ–æ—Ä–º—Ñ–∞–∫—Ç–æ—Ä—ã —Å—Ç–∞–Ω–¥–∞—Ä—Ç–Ω—ã–π –º–∞—Ä–∫–µ—Ç–∏–Ω–≥–æ–≤—ã–π —Ä–∞–∑–≤–æ–¥. 2) –û—Ç—Å—É—Ç—Å—Ç–≤–∏–µ –æ—Ñ. –ø–æ–¥–¥–µ—Ä–∂–∫–∏ –∑–∞–ø–∏—Å–∏ 4–ö –≤–∏–¥–µ–æ –≤ –≥–ª–æ–±–∞–ª—å–Ω–æ–π –ø—Ä–æ—à–∏–≤–∫–µ (–≤ –ø—Ä–µ–¥—É—Å—Ç–∞–Ω–æ–≤–ª–µ–Ω–Ω–æ–π –ø—Ä–æ–≥—Ä–∞–º–º–µ –∫–∞–º–µ—Ä—ã). –£–∂ –∏–∑–≤–∏–Ω–∏—Ç–µ, –Ω–æ 2018 –≥–æ–¥, –ø—Ä–æ—Ü–µ—Å—Å–æ—Ä —É—Ä–µ–∑–∞–Ω–Ω—ã–π —Å–Ω–∞–ø 660 –∏ –Ω–µ—Ç 4–ö. 3) –í–∏–¥–µ–æ—É—Å–∫–æ—Ä–∏—Ç–µ–ª—å –Ω–µ –ø–æ–π–º–∏ —á—Ç–æ. –ò–≥—Ä—ã (WOT) —Ç—è–Ω–µ—Ç, –Ω–æ –≤ –ø—Ä–æ–∏–∑–≤–æ–¥–∏—Ç–µ–ª—å–Ω–æ—Å—Ç—å –≤ –≤–ø—Ä–∏—Ç—ã–∫. 4) –ö–∞–º–µ—Ä–∞ (—Ñ–æ—Ç–æ) –Ω–æ—á—å—é –¥–µ–ª–∞–µ—Ç –§–£. –Ø –Ω–µ –∑–Ω–∞—é –ø–æ—á–µ–º—É –Ω–∞ —é—Ç—É–±–∞—Ö —Ö–≤–∞–ª–µ–±–Ω–æ –æ—Ç–∑—ã–≤–∞—é—Ç—Å—è –æ –∫–∞–º–µ—Ä–µ. –ù–∞ –º–æ–π –æ—á–µ–Ω—å —Å—Ç–∞—Ä—ã–π MI4 –∏ —Ç–æ —Å–Ω–∏–º–∫–∏ –ª—É—á—à–µ. 5) –ê–∫–∫—É–º—É–ª—è—Ç–æ—Ä —Ö–æ—Ç—å –∏ —Å—Ç–æ–∏—Ç 4000mAh –Ω–æ –ø—Ä–∏—Ä–æ—Å—Ç–∞ –∞–≤—Ç–æ–Ω–æ–º–Ω–æ—Å—Ç–∏ –Ω–µ—Ç –≤–æ–æ–±—â–µ. 6) –î–∞—Ç—á–∏–∫ –æ—Ç–ø–µ—á–∞—Ç–∫–∞ –æ—á–µ–Ω—å –≤—ã—Å–æ–∫–æ –∑–∞–¥—Ä–∞–ª–∏ –≤–≤–µ—Ä—Ö (–æ—Ç–≥–æ–ª–æ—Å–æ–∫ 6"" —ç–∫—Ä–∞–Ω–∞). –í –æ–±—â–µ–º –µ—Å–ª–∏ —É—á–∏—Ç—ã–≤–∞—Ç—å –≤—Å–µ –ø–ª—é—Å—ã –∏ –º–∏–Ω—É—Å—ã —Ç–æ –Ω–∞ —Å–µ–≥–æ–¥–Ω—è —è –Ω–∞–≤–µ—Ä–Ω–æ–µ –∫—É–ø–∏–ª –±—ã MI Note 3 –∞ –Ω–µ RN5. –ù–æ –≤–Ω–µ—à–Ω–µ RN5 –º–Ω–µ –±–æ–ª–µ–µ —Å–∏–º–ø–∞—Ç–∏—á–µ–Ω. –ï—Å–ª–∏ –µ—Å—Ç—å –≤–æ–ø—Ä–æ—Å—ã - –ø–∏—à–∏—Ç–µ."
0	"–¢–∞–∫–æ–π –∫—Ä–∞—Å–∞–≤–µ—Ü-—Ç–∞–∫–æ–π –∂–µ –≥–ª—É–ø–µ—Ü –∏ –±–µ—Å–ø–æ–ª–µ–∑–µ–Ω –¥–ª—è –≤–æ—Å–ø—Ä–æ–∏–∑–≤–µ–¥–µ–Ω–∏—è –∞—É–¥–∏–æ... –•–æ—á–µ—à—å –∫—É–ø–∏—Ç—å —Ç–µ–ª–µ—Ñ–æ–Ω Honor 10i? –ö–æ–Ω–µ—á–Ω–æ –∫—É–ø–∏! –î–æ—Å—Ç–æ–∏–Ω—Å—Ç–≤ –≤ –Ω—ë–º –ø—Ä–µ–¥–æ—Å—Ç–∞—Ç–æ—á–Ω–æ. –¶–≤–µ—Ç –∫–æ—Ä–ø—É—Å–∞ –æ—á–µ–Ω—å –≥–ª—É–±–æ–∫–∏–π –∏ —Å–ª–æ–∂–Ω—ã–π, –ø–∞–º—è—Ç–∏ –∞–∂ 128 GB. –†–∞–∑–º–µ—Ä –≤–ø–æ–ª–Ω–µ —É–¥–æ–±–µ–Ω –¥–ª—è —Ä—É–∫–∏ –∏ –¥–ª—è –∫–∞—Ä–º–∞–Ω–∞. –¶–µ–Ω–∞. –≠—Ç–æ –≤—Å—ë –≤–∏–¥–∏–º—ã–µ –∫–∞—á–µ—Å—Ç–≤–∞ —ç—Ç–æ–≥–æ —Å–º–∞—Ä—Ç—Ñ–æ–Ω–∞. –Ø —Ö–æ—á—É —Ä–∞—Å—Å–∫–∞–∑–∞—Ç—å –æ —Ç–æ–º, —á—Ç–æ –≤–∞—Å –±—É–¥–µ—Ç –∂–¥–∞—Ç—å –ø–æ—Å–ª–µ –Ω–µ—Å–∫–æ–ª—å–∫–∏—Ö –º–µ—Å—è—Ü–µ–≤ —ç–∫—Å–ø–ª—É–∞—Ç–∞—Ü–∏–∏. –≠—Ç–æ—Ç –æ—Ç–∑—ã–≤ –≤–∞–∂–µ–Ω –¥–ª—è —Ç–µ—Ö, –∫—Ç–æ —á–∞—Å—Ç–æ –∏—Å–ø–æ–ª—å–∑—É–µ—Ç –Ω–∞—É—à–Ω–∏–∫–∏. –í –º–æ—ë–º —Å–ª—É—á–∞–µ, —á–µ—Ä–µ–∑ –≤–æ—Å–µ–º—å –º–µ—Å—è—Ü–µ–≤ –ø–æ—Å–ª–µ –ø–æ–∫—É–ø–∫–∏ –Ω–æ–≤–æ–≥–æ —Å–º–∞—Ä—Ç—Ñ–æ–Ω–∞, (–∞ –ø–æ–∫—É–ø–∞–ª–∞ —è –µ–≥–æ –Ω–∞ –æ—Ñ–∏—Ü–∏–∞–ª—å–Ω–æ–º —Å–∞–π—Ç–µ), –æ–Ω –ø–µ—Ä–µ—Å—Ç–∞–ª –≤–∏–¥–µ—Ç—å –ü–†–û–≤–æ–¥–Ω—ã–µ –Ω–∞—É—à–Ω–∏–∫–∏. –ü—Ä–æ—Å—Ç–æ –≤–∑—è–ª –∏ –ø–µ—Ä–µ—Å—Ç–∞–ª. –ù–∞—É—à–Ω–∏–∫–∏ –≤ –ø–æ—Ä—è–¥–∫–µ, —Å–º–∞—Ä—Ç—Ñ–æ–Ω —Ç–æ–∂–µ, –Ω–æ –∞—É–¥–∏–æ –Ω–µ –≤–æ—Å–ø—Ä–æ–∏–∑–≤–æ–¥–∏—Ç—Å—è. –í–µ—Ä–Ω–µ–µ –≤–æ—Å–ø—Ä–æ–∏–∑–≤–æ–¥–∏—Ç—Å—è, —Ç–æ–ª—å–∫–æ –Ω–µ –ø–æ–Ω—è—Ç–Ω–æ –∫—É–¥–∞. –í –Ω–∞—É—à–Ω–∏–∫–∞—Ö —Ç–∏—à–∏–Ω–∞, –≤ –¥–∏–Ω–∞–º–∏–∫–µ —Ç–æ–∂–µ. –ß—Ç–æ–±—ã –∫–∞–∫-—Ç–æ —Å–ø–∞—Å—Ç–∏ —Å–µ–±—è –≤ —ç—Ç–æ–π —Å–∏—Ç—É–∞—Ü–∏–∏, –ø–æ–∫—É–ø–∞—é –ë–ï–°–ø—Ä–æ–≤–æ–¥–Ω—ã–µ –Ω–∞—É—à–Ω–∏–∫–∏, –≤—Å–µ–º –∏–∑–≤–µ—Å—Ç–Ω–æ–π –º–æ–¥–µ–ª–∏. –ù–µ –±—É–¥—É –µ—ë –Ω–∞–∑—ã–≤–∞—Ç—å, –ø–æ—Ç–æ–º—É —á—Ç–æ —ç—Ç–æ –±—É–¥–µ—Ç —É–∂–µ –¥—Ä—É–≥–æ–π –±—Ä–µ–Ω–¥, –¥—Ä—É–≥–∞—è –º–æ–¥–µ–ª—å –∏ —Å–æ–æ—Ç–≤–µ—Ç—Å—Ç–≤–µ–Ω–Ω–æ –¥—Ä—É–≥–æ–π –æ—Ç–∑—ã–≤.  –ù–∞—Å—Ç—Ä–æ–π–∫–∞ —á–µ—Ä–µ–∑ –±–ª—é—Ç—É–∑ –∏ —Å–æ–ø—Ä—è–∂–µ–Ω–∏–µ –Ω–∞—É—à–Ω–∏–∫–æ–≤ –ø—Ä–æ—à–ª–∏ –≤–µ—Å—å–º–∞ —É—Å–ø–µ—à–Ω–æ. –ò–∏–∏–∏ –∞–ª–ª–∏–ª—É–π—è, –ø–æ—à–ª–æ –¥–æ–ª–≥–æ–∂–¥–∞–Ω–Ω–æ–µ –≤–æ—Å–ø—Ä–æ–∏–∑–≤–µ–¥–µ–Ω–∏–µ. –ù–æ —Ä–∞–Ω–æ —è —Ä–∞–¥–æ–≤–∞–ª–∞—Å—å. –ú–µ–Ω—è —Ö–≤–∞—Ç–∏–ª–æ –Ω–∞ –¥–≤–µ –Ω–µ–¥–µ–ª–∏ —Ç–µ—Å—Ç–∏—Ä–æ–≤–∞—Ç—å —Å–º–∞—Ä—Ç—Ñ–æ–Ω —Å –±–µ—Å–ø—Ä–æ–≤–æ–¥–Ω—ã–º–∏ –Ω–∞—É—à–Ω–∏–∫–∞–º–∏. –ü—Ä–∏–Ω—Ü–∏–ø –≤–æ—Å–ø—Ä–æ–∏–∑–≤–µ–¥–µ–Ω–∏—è –∞—É–¥–∏–æ —Ñ–∞–π–ª–æ–≤ –Ω–µ –ø–æ–Ω—è—Ç–µ–Ω –Ω–∏–∫–æ–º—É, —Å–æ–≤–µ—Ç–æ–≤–∞–ª–∞—Å—å —Å–æ —Å–ø–µ—Ü–∏–∞–ª–∏—Å—Ç–∞–º–∏. –¢–æ ""–ê–ª–∏—Å–∞"" –≤–ª–µ–∑–µ—Ç —Å–æ —Å–≤–æ–∏–º ""—Å–µ–π—á–∞—Å 13:00"", —Ç–æ –Ø–Ω–¥–µ–∫—Å —Å—Ä–æ—á–Ω–æ –≤–µ—â–∞–µ—Ç –Ω–æ–≤–æ—Å—Ç–∏, —Ç–æ –≤–æ–æ–±—â–µ –≤–º–µ—Å—Ç–æ PLAY —É –≤–∞—Å –≤–¥—Ä—É–≥ –†AUSE, –∫–æ—Ç–æ—Ä—É—é –≤—ã –Ω–µ –Ω–∞–∂–∏–º–∞–ª–∏. –í—Å—ë —á—Ç–æ —É–≥–æ–¥–Ω–æ, –Ω–æ —Ç–æ–ª—å–∫–æ –Ω–µ —Ç–æ, —á—Ç–æ –≤–∞–º –Ω—É–∂–Ω–æ. –°–ª–µ–¥—É—é—â–∏–º –ø—É–Ω–∫—Ç–æ–º –Ω–∞–ø–∏—à—É –æ —Ç–æ–º, –∫–∞–∫ –ø–∏—à–µ—Ç —Å–ª–æ–≤–∞ —ç—Ç–æ—Ç —Å–º–∞—Ä—Ç—Ñ–æ–Ω. –°–∏—Å—Ç–µ–º–∞ –ø–æ –ø–æ–¥–±–æ—Ä—É —Å–ª–æ–≤ –≤ –Ω—ë–º –Ω–∞—Å—Ç–æ–ª—å–∫–æ –≥–ª—É—Ö–∞—è, —á—Ç–æ –¥–∞–∂–µ –µ—Å–ª–∏ –≤—ã –±–µ–∑ –ø–æ–±–æ—Ä–∞ –Ω–∞–±–∏—Ä–∞–µ—Ç–µ —Å–ª–æ–≤–æ –ø–æ–ª–Ω–æ—Å—Ç—å—é —Å–∞–º–∏ —Ä—É–∫–∞–º–∏, —Ç–æ –≤–æ –≤—Ä–µ–º—è –æ—Ç–ø—Ä–∞–≤–∫–∏, –æ–Ω –≤–∞–º —Ç–∞–∫ –∏–∑–º–µ–Ω–∏—Ç —Å–ª–æ–≤–æ, —á—Ç–æ –µ—â—ë –∏ —Å—Ç—ã–¥–∏—Ç—å—Å—è –ø—Ä–∏–¥—ë—Ç—Å—è –ø–µ—Ä–µ–¥ —Å–æ–±–µ—Å–µ–¥–Ω–∏–∫–æ–º. –ó–∞–∫–ª—é—á–µ–Ω–∏–µ: –í —Å–≤–æ—ë–º –æ—Ç–∑—ã–≤–µ —è –ø–µ—Ä–µ—á–∏—Å–ª–∏–ª–∞ –≤–∞–∂–Ω—ã–µ –¥–ª—è —Å–µ–±—è –æ–ø—Ü–∏–∏ (–≤–µ—Ä–Ω–µ–µ –∏—Ö –Ω–µ–¥–æ—Å—Ç–∞—Ç–∫–∏) —ç—Ç–æ–≥–æ —Å–º–∞—Ä—Ç—Ñ–æ–Ω–∞. –í –æ–ø–∏—Å–∞–Ω–∏–∏ –∏ —É –ø—Ä–æ–¥–∞–≤—Ü–∞ –≤–∞–º –æ –Ω–∏—Ö –Ω–∏–∫—Ç–æ –Ω–µ —Ä–∞—Å—Å–∫–∞–∂–µ—Ç, –∏—Ö –Ω–µ –≤–∏–¥–Ω–æ —á–µ—Ä–µ–∑ –æ–¥–∏–Ω-–¥–≤–∞ –∏ –¥–∞–∂–µ, –µ—Å–ª–∏ –ø–æ–≤–µ–∑—ë—Ç, —á–µ—Ä–µ–∑ —à–µ—Å—Ç—å –º–µ—Å—è—Ü–µ–≤ –∏—Å–ø–æ–ª—å–∑–æ–≤–∞–Ω–∏—è. –û—Ç–∑—ã–≤—ã, –∫–∞–∫ –ø—Ä–∞–≤–∏–ª–æ, –ø–∏—à—É—Ç –≤ –ø–µ—Ä–≤—ã–µ –¥–Ω–∏-–º–µ—Å—è—Ü—ã –ø–æ—Å–ª–µ –ø—Ä–∏–æ–±—Ä–µ—Ç–µ–Ω–∏—è —Ç–æ–≤–∞—Ä–∞ –∏ –≤—Å–µ—Ö –∫–æ–Ω–µ—á–Ω–æ –∂–µ —É—Å—Ç—Ä–∞–∏–≤–∞–µ—Ç —ç—Ç–æ—Ç device. –ü–æ—Ç–æ–º—É –∏ –æ—Ç–∑—ã–≤—ã –º–µ–Ω—è –Ω–µ —Å–ø–∞—Å–ª–∏ –ø—Ä–∏ –ø—Ä–∏–æ–±—Ä–µ—Ç–µ–Ω–∏–∏, –∫–æ—à–º–∞—Ä—ã –Ω–∞—á–∏–Ω–∞—é—Ç—Å—è –ø–æ—Å–ª–µ —à–µ—Å—Ç–∏ –º–µ—Å—è—Ü–µ–≤ –∏ –≤—ã—à–µ. "
1	"–¢–µ–ª–µ—Ñ–æ–Ω –æ—á–µ–Ω—å —Ö–æ—Ä–æ—à–∏–π, –ø–æ–ª—å–∑—É—é—Å—å (–Ω–∞ 64–≥–±) —É–∂–µ –≥–æ–¥ –∏ –Ω–∏–∫–æ–≥–¥–∞ –Ω–µ –ø–æ–¥–≤–æ–¥–∏–ª.  –ü–ª—é—Å—ã:  1. –£ —Ç–µ–ª–µ—Ñ–æ–Ω–∞ –º–Ω–æ–≥–æ –ø–∞–º—è—Ç–∏, –ø—Ä–æ–±–ª–µ–º —Å –Ω–µ–π –Ω–µ –±—ã–ª–æ. –ù–∞ –º–æ–µ–º –ø—Ä–µ–¥—ã–¥—É—â–µ–º —Ç–µ–ª–µ—Ñ–æ–Ω–µ –≤–µ—á–Ω–æ –Ω–µ —Ö–≤–∞—Ç–∞–ª–æ –ø–∞–º—è—Ç–∏ –∏ —ç—Ç–æ –∂—É—Ç–∫–æ —Ä–∞–∑–¥—Ä–∞–∂–∞–ª–æ, –Ω–æ –∑–¥–µ—Å—å —Ç–∞–∫–æ–π –ø—Ä–æ–±–ª–µ–º—ã –Ω–µ—Ç. –ú–æ–∂–Ω–æ —Å–ø–æ–∫–æ–π–Ω–æ —Å–∫–∞—á–∏–≤–∞—Ç—å –∏–≥—Ä—ã, —Ñ–∏–ª—å–º—ã, –∞–Ω–∏–º–µ –∏ —Å–µ—Ä–∏–∞–ª—ã. 2. –•–æ—Ä–æ—à–∏–µ —Å–æ—Å—Ç–∞–≤–ª—è—é—â–∏–µ. –Ø –∏–≥—Ä–∞–ª –≤–æ –º–Ω–æ–≥–æ –∏–≥—Ä –∏ –Ω–∏ –æ–¥–Ω–∞ –∏–∑ –Ω–∏—Ö –Ω–µ –≥–æ–≤–æ—Ä–∏–ª–∞, —á—Ç–æ —Ç–µ–ª–µ—Ñ–æ–Ω –Ω–µ –ø–æ–¥—Ö–æ–¥–∏—Ç –ø–æ–¥ —Å–∏—Å—Ç–µ–º–Ω—ã–µ —Ç—Ä–µ–±–æ–≤–∞–Ω–∏—è. –¢–∞–∫–∂–µ —Ç–µ–ª–µ—Ñ–æ–Ω –Ω–∏–∫–æ–≥–¥–∞ –Ω–µ –ª–∞–≥–∞–µ—Ç. 3. –î–æ–≤–æ–ª—å–Ω–æ –±–æ–ª—å—à–æ–π —ç–∫—Ä–∞–Ω. –û—á–µ–Ω—å —É–¥–æ–±–Ω–æ —Å–º–æ—Ç—Ä–µ—Ç—å YouTube –∏ –∞–Ω–∏–º–µ. 4. –ö–∞–º–µ—Ä–∞. –Ø –Ω–µ —Å–ø–µ—Ü–∏–∞–ª–∏—Å—Ç –ø–æ –∫–∞–º–µ—Ä–∞–º, –Ω–æ –æ–±—ã—á–Ω–æ –ª—é–¥–∏ –≥–æ–≤–æ—Ä—è—Ç —á—Ç–æ —Ñ–æ—Ç–æ —Ç—É—Ç –ø–æ–ª—É—á–∞—é—Ç—Å—è —è—Ä—á–µ –∏ –∫—Ä–∞—Å–æ—á–Ω–µ–µ. –ú–∏–Ω—É—Å—ã: –ò–Ω–æ–≥–¥–∞ –±—ã–≤–∞–µ—Ç –±–∞–≥ —Å —Ç–µ–º, —á—Ç–æ –ø—Ä–æ—Å—Ç–æ —á–µ—Ä–Ω—ã–π —ç–∫—Ä–∞–Ω –∏ –Ω–∞–¥–ø–∏—Å—å ""Samsung"". –ù–æ —è –¥–æ–≤–æ–ª—å–Ω–æ –±—ã—Å—Ç—Ä–æ —Ä–µ—à–∏–ª —ç—Ç—É –ø—Ä–æ–±–ª–µ–º—É, –Ω–∞–¥–æ –ø—Ä–æ—Å—Ç–æ –Ω–∞ ~15, 20 —Å–µ–∫—É–Ω–¥ –∑–∞–∂–∞—Ç—å –∫–Ω–æ–ø–∫—É –≤–∫–ª—é—á–µ–Ω–∏—è/–≤—ã–∫–ª—é—á–µ–Ω–∏—è –∏ –ø–æ–Ω–∏–∂–µ–Ω–∏—è –∑–≤—É–∫–∞. –¢–æ–≥–¥–∞ —Ç–µ–ª–µ—Ñ–æ–Ω –ø—Ä–æ—Å—Ç–æ –ø–µ—Ä–µ–∑–∞–≥—Ä—É–∑–∏—Ç—å—Å—è –∏ –±–∞–≥ –ø—Ä–æ–ø–∞–¥–∞–µ—Ç. –ë–∞—Ç–∞—Ä–µ—è: –Ω–∞ —Å–∞–º–æ–º –¥–µ–ª–µ –±–∞—Ç–∞—Ä–µ—è –Ω–µ —Å—É–ø–µ—Ä-–ø—É–ø–µ—Ä –Ω–∞ –º–∞–∫—Å–∏–º–∞–ª—å–Ω–æ–π —è—Ä–∫–æ—Å—Ç–∏ —Ä–∞–∑—Ä—è–∂–∞–µ—Ç—Å—è –∑–∞ —á–∞—Å–∞ 4. –≠—Ç–æ –≤—Å–µ."
1	–û—Ç–ª–∏—á–Ω—ã–π –±—é–¥–∂–µ—Ç–Ω—ã–π —Å–º–∞—Ä—Ç—Ñ–æ–Ω –õ—É—á—à–∏–π –≤—ã–±–æ—Ä –≤ —Å–≤–æ–µ–π —Ü–µ–Ω–æ–≤–æ–π –∫–∞—Ç–µ–≥–æ—Ä–∏–∏. –ë—é–¥–∂–µ—Ç –±—ã–ª –æ–≥—Ä–∞–Ω–∏—á–µ–Ω 16 —Ç—ã—Å., –ø–æ—ç—Ç–æ–º—É –≤—ã–±–æ—Ä –ø–∞–ª –Ω–∞ —ç—Ç—É –º–æ–¥–µ–ª—å. –ü–ª—é—Å—ã: 1 –ê–∫–∫—É–º—É–ª—è—Ç–æ—Ä –Ω–∞ 6000–ú–∞—á (—Ö–≤–∞—Ç–∞–µ—Ç –Ω–∞ 2 –¥–Ω—è –∞–∫—Ç–∏–≤–Ω–æ–≥–æ –∏—Å–ø–æ–ª—å–∑–æ–≤–∞–Ω–∏—è) 2 –ö–∞–º–µ—Ä–∞ 48 MP 3 AMOLED –¥–∏—Å–ø–ª–µ–π –ú–∏–Ω—É—Å—ã: 1 –û—Ç–ø–µ—á–∞—Ç–æ–∫ –ø–∞–ª—å—Ü–∞ –∏–Ω–æ–≥–¥–∞ –Ω–µ —Å—Ä–∞–±–∞—Ç—ã–≤–∞–µ—Ç 2 –ú–∞—Ä–∫–∞—è –∑–∞–¥–Ω—è—è –ø–∞–Ω–µ–ª—å –ü—Ä–æ–¥–∞–≤–∞–ª—Å—è –≤ –∫—Ä–∞—Å–∏–≤–æ–π –∫–æ—Ä–æ–±–∫–µ. –í –∫–æ–º–ø–ª–µ–∫—Ç–µ –¥–æ–∫—É–º–µ–Ω—Ç—ã, —Å–º–∞—Ä—Ç—Ñ–æ–Ω, USB-—à–Ω—É—Ä, –∞–¥–∞–ø—Ç–µ—Ä. –ù–∞ –ø—Ä–æ—à–∏–≤–∫—É —Å—Ç–∞–±–∏–ª—å–Ω–æ –≤—ã—Ö–æ–¥—è—Ç –æ–±–Ω–æ–≤–ª–µ–Ω–∏—è. –ù–µ–¥–∞–≤–Ω–æ –æ–±–Ω–æ–≤–∏–ª—Å—è –¥–æ 11 –∞–Ω–¥—Ä–æ–∏–¥–∞. –ü–æ—Å–ª–µ –≥–æ–¥–∞ –∏—Å–ø–æ–ª—å–∑–æ–≤–∞–Ω–∏—è –Ω–∏–∫–∞–∫–∏—Ö –Ω–∞—Ä–µ–∫–∞–Ω–∏–π (–∫—Ä–æ–º–µ –æ—Ç–ø–µ—á–∞—Ç–∫–∞ –ø–∞–ª—å—Ü–∞) –≤ —Ä–∞–±–æ—Ç–µ –Ω–µ –æ–±–Ω–∞—Ä—É–∂–∏–ª.
1	–≠—Ç–æ –º–µ—á—Ç–∞ –ü—Ä–∏–≤–µ—Ç –≤—Å–µ–º. –•–æ—á—É –ø–æ—Ö–≤–∞—Å—Ç–∞—Ç—å—Å—è —Å–≤–æ–∏–º –ø—Ä–∏–æ–±—Ä–µ—Ç–µ–Ω–∏–µ–º. –ú–µ–Ω—è –æ–Ω –ø—Ä–æ—Å—Ç–æ –ø–æ–¥–≤–µ—Ä–≥ –≤ —à–æ–∫. –Ø —Å—á–∞—Å—Ç–ª–∏–≤ —á—Ç–æ –æ—Å—Ç–∞–Ω–æ–≤–∏–ª —Å–≤–æ–π –≤—ã–±–æ—Ä –∏–º–µ–Ω–Ω–æ –Ω–∞ –¥–∞–Ω–Ω–æ–π –º–æ–¥–µ–ª–∏. –í–µ–¥—å —Å–æ–æ—Ç–Ω–æ—à–µ–Ω–∏–µ —Ü–µ–Ω—ã –∏ –∫–∞—á–µ—Å—Ç–≤–∞ —Ç–µ–ª–µ—Ñ–æ–Ω–∞ –ø—Ä–æ—Å—Ç–æ –∑–∞—Å—Ç–∞–≤–ª—è—é—Ç –ø—Ä—ã–≥–∞—Ç—å –æ—Ç –≤–æ—Å—Ç–æ—Ä–≥–∞. –ù–µ—É–º–æ–≤–µ—Ä–Ω–æ –∫—Ä—É—Ç–∞—è –∫–∞–º–µ—Ä–∞. –ê–º–æ–ª–µ–¥ —ç–∫—Ä–∞–Ω. –°—ä—ë–º–∫–∞ –≤ —Ä–µ–∂–∏–º–µ 4–∫. 48 –º–µ–≥–∞–ø–∏–∫—Å–µ–ª–µ–π , 4/64 –ø–∞–º—è—Ç—å. –ê —Å–∞–º–æ–µ —á—Ç–æ –µ—â—ë –±–æ–ª—å—à–µ –ø–æ–≤–µ—Ä–≥–ª–æ –º–µ–Ω—è –≤ —à–æ–∫ —ç—Ç–æ –Ω–µ–æ–±—ä—è—Ç–Ω–∞—è –±–∞—Ç–∞—Ä–µ—è. –û–Ω–∞ –¥–µ—Ä–∂–∏—Ç –Ω–µ–≤–µ—Ä–æ—è—Ç–Ω–æ –¥–æ–ª–≥–æ. –°–∫–∞–∂—É –ø—Ä–æ—â–µ, –º–Ω–µ —Å–ª–æ–∂–Ω–æ –ø–æ—Å–∞–¥–∏—Ç—å –µ–µ –¥–æ –∫–æ–Ω—Ü–∞ –∑–∞ –¥–µ–Ω—å –µ—Å–ª–∏ —è –¥–∞–∂–µ –ø—Ä–æ—Å—Ç–æ –ª–∞–∑–∏—é –≤ –∏–Ω—Ç–µ—Ä–Ω–µ—Ç–µ. –ö–æ–Ω–µ—á–Ω–æ –µ—Å–ª–∏ –≤—ã –∏–≥—Ä–∞–µ—Ç–µ –≤ –∏–≥—Ä—ã —Ç–æ –ª—é–±–æ–µ —É—Å—Ç—Ä–æ–π—Å—Ç–≤–æ —Å—è–¥–µ—Ç –Ω–æ –æ–Ω –ø—Ä–æ—Å—Ç–æ —Å—É–ø–µ—Ä. –Ø –¥–∞–∂–µ —Å–Ω–∏–º–∞—é –≤–∏–¥–µ–æ –¥–ª—è —Å–≤–æ–µ–≥–æ –∫–∞–Ω–∞–ª–∞ –Ω–∞ –Æ—Ç—é–± –∏ –∫–∞—á–µ—Å—Ç–≤–æ –ø—Ä–æ—Å—Ç–æ —Å—É–ø–µ—Ä.
0	–ù–µ –±–µ—Ä–∏—Ç–µ! –ò—Å–∫–∞–ª –±—é–¥–∂–µ—Ç–Ω—ã–π —Ç–µ–ª–µ—Ñ–æ–Ω —Å –º–æ—â–Ω–æ–π –±–∞—Ç–∞—Ä–µ–µ–π –∏ –ø—Ä–∏–µ–º–ª–µ–º–æ–π –∫–∞–º–µ—Ä–æ–π.  –ú–∏–Ω—É—Å—ã: –ü—Ä–∏–æ–±—Ä—ë–ª —ç—Ç–æ—Ç –≤ –∞–ø—Ä–µ–ª–µ 2021. 1. –°–µ–π—á–∞—Å –Ω–∞—á–∞–ª–æ —Å–µ–Ω—Ç—è–±—Ä—è 2021 - –º–≥–Ω–æ–≤–µ–Ω–Ω–æ —É–º–µ—Ä–ª–∞ –±–∞—Ç–∞—Ä–µ—è. –ò–Ω—Ç–µ—Ä–µ—Å–æ–≤–∞–ª—Å—è —É –¥—Ä—É–≥–∏—Ö –ø–æ–ª—å–∑–æ–≤–∞—Ç–µ–ª—è—Ö –º–∞—Ä–∫–∏ blackview, —Å —ç—Ç–æ–π –∂–µ –∏ –¥—Ä—É–≥–∏–º–∏ –º–æ–¥–µ–ª—è–º–∏ - –±–æ–ª–µ–∑–Ω—å –æ–¥–Ω–∞: 3-8 –º–µ—Å—è—Ü–µ–≤ –∏ –∞–∫–∫—É–º—É–ª—è—Ç–æ—Ä –ø–µ—Ä–µ—Å—Ç–∞—ë—Ç –¥–µ—Ä–∂–∞—Ç—å –∑–∞—Ä—è–¥. –ü–æ–¥ –≤—ã–±—Ä–æ—Å, —Ç–∞–∫ –∫–∞–∫ –∞–∫—É–º –∫ –Ω–∏–º –Ω–µ –Ω–∞–π—Ç–∏. 2. –î–æ—Å—Ç–∞—Ç–æ—á–Ω–æ –Ω–µ–ø–ª–æ—Ö–∞—è –∫–∞–º–µ—Ä–∞, –∫–∞–∫ —Ñ—Ä–æ–Ω—Ç–∞–ª–∫–∞, —Ç–∞–∫ –∏ –¥—Ä—É–≥–∞—è. –ï—Å—Ç—å –æ–¥–Ω–æ —Å—É—â–µ—Å—Ç–≤–µ–Ω–Ω–æ–µ –ù–æ! –ë–µ–∑ —Å—Ç–∞–±–∏–ª–∏–∑–∞—Ü–∏–∏ –≥–æ–¥–Ω–∞ —Å–Ω–∏–º–∞—Ç—å —Ç–æ–ª—å–∫–æ —Ñ–æ—Ç–æ–≥—Ä–∞—Ñ–∏–∏. –û –≤–∏–¥–µ–æ –º–æ–∂–Ω–æ –∑–∞–±—ã—Ç—å. –ù–æ, –≤ –≤–µ–∫ —Ç–∏–∫—Ç–æ–∫–∞ –∏ –ò–Ω—Å—Ç–∞–≥—Ä–∞–º–∞ - –∫–æ–º—É –Ω—É–∂–Ω–æ —Å—Ç–∞—Ç–∏—á–Ω–æ–µ —Ñ–æ—Ç–æ? –ù–µ –±–µ—Ä–∏—Ç–µ. 3. –ß—Ç–æ-—Ç–æ —Å –∂–µ–ª–µ–∑–æ–º. –û—á–µ–Ω—å —á–∞—Å—Ç–æ –ø–æ–¥–≤–µ—à–∏–≤–∞–µ—Ç –ø—Ä–∏–ª–æ–∂–µ–Ω–∏—è, –∫ –ø—Ä–∏–º–µ—Ä—É –¢–∏–Ω—å–∫–æ—Ñ—Ñ. –°–ø–∞—Å–∞–µ—Ç —Ç–æ–ª—å–∫–æ –ø–æ–ª–Ω–∞—è –ø–µ—Ä–µ–∑–∞–≥—Ä—É–∑–∫–∞. –ü—Ä–æ—à–∏–≤–∫–∞ —Å—Ç–∞–Ω–¥–∞—Ä—Ç–Ω–∞—è –∞–Ω–¥—Ä–æ–∏–¥ –Ω–∞ —Ç–µ–∫—É—â–∏–π –º–æ–º–µ–Ω—Ç. 4. –ú–∞–∫—Å–∏–º–∞–ª—å–Ω—ã–π –∫–ª–∞—Å—Å –∑–∞—â–∏—Ç—ã. –í—Ä–∞–Ω—å—ë. –ë–µ–∑ –∑–∞—â–∏—Ç–Ω–æ–≥–æ —ç–∫—Ä–∞–Ω–∞ - —Ä–æ–¥–Ω–æ–π —ç–∫—Ä–∞–Ω –∑–∞ –¥–≤–∞ –º–µ—Å—è—Ü–∞ —É–±–∏–≤–∞–µ—Ç—Å—è –≤ —Ö–ª–∞–º. –û—Å—Ç–∞—é—Ç—Å—è –ø–æ—Ç—ë—Ä—Ç–æ—Å—Ç–∏ –∏ –Ω–∞–≤–∏–≥–∞—Ü–∏–æ–Ω–Ω—ã–µ –∫–Ω–æ–ø–∫–∏ –≤–Ω–∏–∑—É —ç–∫—Ä–∞–Ω–∞ –ø–µ—Ä–µ—Å—Ç–∞—é—Ç –∞–¥–µ–∫–≤–∞—Ç–Ω–æ —Ä–µ–∞–≥–∏—Ä–æ–≤–∞—Ç—å. –ü–ª—é—Å—ã: –ü–æ–∫–∞ –±–∞—Ç–∞—Ä–µ—è –¥–µ—Ä–∂–∞–ª–∞ –∑–∞—è–≤–ª–µ–Ω–Ω—É—é —ë–º–∫–æ—Å—Ç—å (–ø–µ—Ä–≤—ã–µ 2 –º–µ—Å—è—Ü–∞) - —Å–æ–æ—Ç–Ω–æ—à–µ–Ω–∏–µ —Ü–µ–Ω–∞/–∫–∞—á–µ—Å—Ç–≤–æ —É—Å—Ç—Ä–∞–∏–≤–∞–ª–æ. –ò—Ç–æ–≥: –ù–µ –±—Ä–∞—Ç—å! –í—ã–±—Ä–æ—à–µ–Ω–Ω—ã–µ –¥–µ–Ω—å–≥–∏. –ü—Ä–æ–¥–∞—é —Å–≤–æ–π –∑–∞ 5'000 —Ä—É–±–ª–µ–π, —Ö–æ—Ç—è –±—Ä–∞–ª –∑–∞ 18'600. –î–æ—Ä–æ–∂–µ –æ–Ω –Ω–µ —Å—Ç–æ–∏—Ç.
1	–ù–æ—Ä–º–∞–ª—å–Ω—ã–π —Ç–µ–ª–µ—Ñ–æ–Ω –∑–∞ –Ω–µ–±–æ–ª—å—à–∏–µ –¥–µ–Ω—å–≥–∏, –≤—ã–±–∏—Ä–∞–ª–∞ –º–µ–∂–¥—É –Ω–∏–º –∏ redmi. –ü–æ–∂–∞–ª–µ–ª–∞, —á—Ç–æ –Ω–µ –≤–∑—è–ª–∞ redmi. –†–∞—Å—Å–∫–∞–∂—É –ø–æ—á–µ–º—É. –ú–Ω–µ –æ—á–µ–Ω—å —Å—Ä–æ—á–Ω–æ –ø–æ–Ω–∞–¥–æ–±–∏–ª—Å—è –Ω–æ–≤—ã–π —Ç–µ–ª–µ—Ñ–æ–Ω, —Ç–∞–∫ –∫–∞–∫ –º–æ–π sony –º–æ—Ä–∞–ª—å–Ω–æ —É—Å—Ç–∞—Ä–µ–ª –∏ –Ω–µ —Å–ø—Ä–∞–≤–ª—è–ª—Å—è —Å –ø–æ—Å—Ç–∞–≤–ª–µ–Ω–Ω—ã–º–∏ –∑–∞–¥–∞—á–∞–º–∏. –¢—Ä–µ–±–æ–≤–∞–Ω–∏—è –∫ —Ç–µ–ª–µ—Ñ–æ–Ω—É –±—ã–ª–∏: –Ω–µ –¥–æ—Ä–æ–∂–µ 10000, –æ–±—ä–µ–º –ø–∞–º—è—Ç–∏ - –Ω–µ –Ω–∏–∂–µ 32 –≥–±, –û–ó–£ - 3 –≥–±, –∞–∫–∫–∞–º—É–ª—è—Ç–æ—Ä - 5000 –º–ê—á. –ò –µ—â–µ, –æ—á–µ–Ω—å —Ö–æ—Ç–µ–ª–æ—Å—å –±–µ–ª—ã–π, –ø—Ä—è–º –∑–∞—Ü–∏–∫–ª–∏–ª–∞—Å—å))) –í –∏—Ç–æ–≥–µ, –±—ã–ª–æ –Ω–∞–π–¥–µ–Ω–æ 2 –≤–∞—Ä–∏–∞–Ω—Ç–∞ - samsung –∏ redmi (–æ–Ω –±—ã–ª –¥–æ—Ä–æ–∂–µ –Ω–∞ 1000 –∏ –≤ –æ—Ä–∞–Ω–∂–µ–≤–æ–º —Ü–≤–µ—Ç–µ). –¶–≤–µ—Ç –∏ —Ü–µ–Ω–∞ —Å—ã–≥—Ä–∞–ª–∏ —Ä–µ—à–∞—é—â–µ–µ –∑–Ω–∞—á–µ–Ω–∏–µ –∏ —è –ø—Ä–∏–æ–±—Ä–µ–ª–∞ samsung. –¢–µ–ª–µ—Ñ–æ–Ω –≤ —Ü–µ–ª–æ–º –Ω–æ—Ä–º–∞–ª—å–Ω—ã–π, –∑–∞—Ä—è–¥–∫—É –¥–µ—Ä–∂–∏—Ç –æ–∫–æ–ª–æ –¥–≤—É—Ö-—Ç—Ä–µ—Ö –¥–Ω–µ–π, –Ω–æ —Ç–µ–ª–µ—Ñ–æ–Ω–æ–º –ø–æ–ª—å–∑—É—é—Å—å –ø–æ—Å—Ç–æ—è–Ω–Ω–æ, —Ç–∞–∫ –∫–∞–∫ —Ä–∞–±–æ—Ç–∞ –Ω–∞ –∑–≤–æ–Ω–∫–∞—Ö —Ü–µ–ª—ã–π –¥–µ–Ω—å. –•–æ—á–µ—Ç—Å—è –æ—Ç–º–µ—Ç–∏—Ç—å, —á—Ç–æ –∑–∞—Ä—è–∂–∞–µ—Ç—Å—è –æ–Ω –¥–æ—Å—Ç–∞—Ç–æ—á–Ω–æ –±—ã—Å—Ç—Ä–æ. –û–ø–µ—Ä–∞—Ü–∏–æ–Ω–Ω–∞—è —Å–∏—Å—Ç–µ–º–∞ - Android 10. –ü–æ–Ω—è—Ç–∏—è –Ω–µ –∏–º–µ—é - —Ö–æ—Ä–æ—à–æ —ç—Ç–æ –∏–ª–∏ –ø–ª–æ—Ö–æ))) –ü–æ—Å–ª–µ –º–µ—Å—è—Ü–∞ –∏—Å–ø–æ–ª—å–∑–æ–≤–∞–Ω–∏—è —Ç–µ–ª–µ—Ñ–æ–Ω –Ω–µ —Ç—É–ø–∏—Ç –∏ –Ω–µ —Ç–æ—Ä–º–æ–∑–∏—Ç, —Ä–∞–±–æ—Ç–∞–µ—Ç –∏—Å–ø—Ä–∞–≤–Ω–æ, –∫–∞–∫ —á–∞—Å—ã. –ù–∞–∫–æ–Ω–µ—Ü-—Ç–æ –ø–æ—Å—Ç–∞–≤–∏–ª–∞ —Å–µ–±–µ –∫—É—á—É –ø–æ–ª–µ–∑–Ω—ã—Ö –ø—Ä–∏–ª–æ–∂–µ–Ω–∏–π (–Ω–∞ —Å—Ç–∞—Ä–æ–º —ç—Ç–æ –±—ã–ª–æ –Ω–µ–≤–æ–∑–º–æ–∂–Ω–æ, —Ç–∞–∫ –∫–∞–∫ –ø–∞–º—è—Ç—å —Ç–∞–º –æ–≥—Ä–∞–Ω–∏—á–∏–≤–∞–ª–∞—Å—å 2 –≥–±). –ó–≤—É–∫ –æ—Ç–ª–∏—á–Ω—ã–π, –¥–∏–Ω–∞–º–∏–∫ —Ä–∞–±–æ—Ç–∞–µ—Ç —Ç–æ–∂–µ —Å—É–ø–µ—Ä. –í –æ–±—â–µ–º, –≤—Å–µ –º–æ–∏ –ø–æ—Ç—Ä–µ–±–Ω–æ—Å—Ç–∏ —É–¥–æ–≤–ª–µ—Ç–≤–æ—Ä–∏–ª. –¢–µ–ø–µ—Ä—å, –æ –≤—Ç–æ—Ä–æ—Å—Ç–µ–ø–µ–Ω–Ω–æ–º: –∫–∞–º–µ—Ä–∞ —Ä–∞–∑–æ—á–∞—Ä–æ–≤–∞–ª–∞, –æ—á–µ–Ω—å –ø–æ–∂–∞–ª–µ–ª–∞, —á—Ç–æ –Ω–µ —Å—Ä–∞–≤–Ω–∏–ª–∞ –∫–∞–º–µ—Ä—ã —Å redmi –≤ –º–∞–≥–∞–∑–∏–Ω–µ. –û—á–µ–Ω—å –Ω–µ —è—Ä–∫–∏–µ —Ñ–æ—Ç–æ, –≤—Å–µ –Ω–∞—Å—Ç—Ä–æ–π–∫–∏ –ø—Ä–æ–ª–∞–∑–∏–ª–∞, –Ω–æ —Ç–∞–∫ –∏ –Ω–µ —Å–º–æ–≥–ª–∞ –¥–æ–±–∞–≤–∏—Ç—å —è—Ä–∫–æ—Å—Ç–∏. –ü–æ —á–µ—Ç–∫–æ—Å—Ç–∏ –≤–æ–ø—Ä–æ—Å–æ–≤ –Ω–µ—Ç, –≤—Å–µ –Ω–æ—Ä–º. –ò—Ç–∞–∫, –ø–æ—á–µ–º—É –∂–µ —è —Ä–∞—Å—Å—Ç—Ä–æ–∏–ª–∞—Å—å, —á—Ç–æ –Ω–µ –≤–∑—è–ª–∞ redmi. –£–∂–µ –ø–æ—Ç–æ–º, –ø—Ä–∏–¥—è –¥–æ–º–æ–π —è –ø–æ–Ω—è–ª–∞, —á—Ç–æ —è –ø–µ—Ä–µ–ø–ª–∞—Ç–∏–ª–∞ –∑–∞ –±—Ä–µ–Ω–¥, —Ç–∞–∫ –∫–∞–∫ –æ—Ä–∞–Ω–∂–µ–≤—ã–π redmi, –º–µ–∂–¥—É –∫–æ—Ç–æ—Ä—ã–º —è –≤—ã–±–∏—Ä–∞–ª–∞, –ø–æ —Ö–∞—Ä–∞–∫—Ç–µ—Ä–∏—Å—Ç–∏–∫–∞–º –±—ã–ª –≤—ã—à–µ, –ø–∞–º—è—Ç—å - 64 –≥–±, –∫–∞–º–µ—Ä–∞ - 13/5/2. –í –æ–±—â–µ–º, –ø–æ—Ç–æ—Ä–æ–ø–∏–ª–∞—Å—å, –Ω–æ—Ä–º–∞–ª—å–Ω–æ –Ω–µ —Å—Ä–∞–≤–Ω–∏–ª–∞ –∏ —Ç–µ–ø–µ—Ä—å –∫—É—Å–∞—é –ª–æ–∫—Ç–∏. –ù–æ, –ø–æ–≤—Ç–æ—Ä—é—Å—å, –¥–∞–Ω–Ω—ã–π —Ç–µ–ª–µ—Ñ–æ–Ω —Ç–æ–∂–µ –Ω–æ—Ä–º–∞–ª—å–Ω—ã–π. –ï—Å–ª–∏ —Ç–µ–ª–µ—Ñ–æ–Ω –Ω—É–∂–µ–Ω, –∫–∞–∫ —Å—Ä–µ–¥—Å—Ç–≤–æ —Å–≤—è–∑–∏ –∏ –æ–±—â–µ–Ω–∏—è, —Ç–æ —ç—Ç–∞ –º–æ–¥–µ–ª—å –ø–æ–¥–æ–π–¥–µ—Ç. –ï—Å–ª–∏ –Ω—É–∂–Ω–∞ –µ—â–µ —Ö–æ—Ä–æ—à–∞—è –∫–∞–º–µ—Ä–∞, —Ç–æ —Å—Ç–æ–∏—Ç –ø–æ–∏—Å–∫–∞—Ç—å —á—Ç–æ-—Ç–æ –ø–æ–¥–æ—Ä–æ–∂–µ.
0	–¢–µ–ª–µ—Ñ–æ–Ω huawei p20 lite , –≤—Å–µ –µ–≥–æ –º–∏–Ω—É—Å—ã –∏ –ø–ª—é—Å—ã. –ò–º–µ—è —Å–º–∞—Ä—Ç—Ñ–æ–Ω   —É–∂–µ 2 –≥–æ–¥–∞ ,–º–æ–≥—É —Å —É–≤–µ—Ä–µ–Ω–Ω–æ—Å—Ç—å—é —Å–∫–∞–∑–∞—Ç—å —á—Ç–æ —ç—Ç–æ –Ω–µ–ø–ª–æ—Ö–æ–π —Ç–µ–ª–µ—Ñ–æ–Ω –¥–ª—è —Å–≤–æ–µ–≥–æ –≥–æ–¥–∞, —Ç–æ-–µ—Å—Ç—å –¥–ª—è 2017 –≥–æ–¥–∞. –ù–æ –≤ 2021 –≥–æ–¥—É –æ–Ω —É–∂–µ –Ω–µ –∞–∫—Ç—É–∞–ª–µ–Ω. –ó–∞ 2 –≥–æ–¥–∞ —Ç–µ–ª–µ—Ñ–æ–Ω —É—Å–ø–µ–ª –ø–æ–±—ã–≤–∞—Ç—å 2 —Ä–∞–∑–∞ –≤ —Ä–µ–º–æ–Ω—Ç–µ, —Å –æ–¥–Ω–æ–π –∏ —Ç–æ–π –∂–µ –ø—Ä–æ–±–ª–µ–º–æ–π. –ü—Ä–∏ –ø–∞–¥–µ–Ω–∏–∏ —É —Ç–µ–ª–µ—Ñ–æ–Ω–∞ –æ—Ç—Ö–æ–¥–∏–ª–∞ –±–∞—Ç–∞—Ä–µ—è, –∏ —Å–æ–æ—Ç–≤–µ—Ç—Å—Ç–≤–µ–Ω–Ω–æ –æ–Ω –Ω–µ –º–æ–≥ –≤–∫–ª—é—á–∏—Ç—Å—è. –ë–µ–∑ –≤—Å–ø—ã—à–∫–∏ —Å–∫–ª–∞–¥—ã–≤–∞–µ—Ç—Å—è –≤–ø–µ—á–∞—Ç–ª–µ–Ω–∏–µ —á—Ç–æ –∫–∞–º–µ—Ä–∞ –¥–µ–ª–∞–µ—Ç –±–æ–ª–µ–µ —Å–µ—Ä—ã–π –æ—Ç—Ç–µ–Ω–æ–∫. –ê –≤–æ—Ç —Ñ–æ—Ç–æ–≥—Ä–∞—Ñ–∏—è —Å –≤—Å–ø—ã—à–∫–æ–π –±—É–¥-—Ç–æ –∂–µ–ª—Ç–∏—Ç —Ñ–æ—Ç–æ. –í–Ω–∏–∑—É –≤—ã —É–≤–∏–¥–∏—Ç–µ —Ñ–æ—Ç–æ —Å –≤—Å–ø—ã—à–∫–æ–π –∏ –±–µ–∑. –ü–µ—Ä–≤—ã–π 3 –º–µ—Å—è—Ü–∞ —Ç–µ–ª–µ—Ñ–æ–Ω –Ω–µ –∑–∞–≤–∏—Å–∞–ª –∏ —Ä–∞–±–æ—Ç–∞–ª –∫–æ—Ä—Ä–µ–∫—Ç–Ω–æ. –ü–æ—Ç–æ–º —Å–æ –≤—Ä–µ–º–µ–Ω–µ–º –ø–∞–º—è—Ç–∏ –æ—Å—Ç–∞–≤–∞–ª–æ—Å—å –º–µ–Ω—å—à–µ, –Ω–æ —Å–≤–æ–±–æ–¥–Ω–æ –±—ã–ª–æ 20–≥–±. –≠—Ç–æ—Ç —Ç–µ–ª–µ—Ñ–æ–Ω –ø—Ä–µ–∫—Ä–∞—Å–Ω–æ –ø–æ–¥–æ–π–¥–µ—Ç –¥–ª—è –≤–∞—Å, –µ—Å–ª–∏ –≤—ã —Å–æ–±–∏—Ä–∞–µ—Ç–µ—Å—å —Å–∫–∞—á–∏–≤–∞—Ç—å –∫–∞–∫–∏–µ-—Ç–æ —Å–æ—Ü. —Å–µ—Ç–∏ –∏–ª–∏ –∂–µ –ø–æ–ª—å–∑–æ–≤–∞—Ç—å—Å—è —Ç–µ–ª–µ—Ñ–æ–Ω–æ–º —Ç–æ–ª—å–∫–æ –¥–ª—è –∑–≤–æ–Ω–∫–æ–≤.  –£ —Å–º–∞—Ä—Ç—Ñ–æ–Ω–∞ huawei p20 lite —Å–æ–≤—Ä–µ–º–µ–Ω–Ω—ã–π –¥–∏–∑–∞–π–Ω —Å –¥–≤–æ–π–Ω–æ–π –∫–∞–º–µ—Ä–æ–π –≤ 16–º–ø. –° —Å–∏–Ω–µ–π —Ä–∞—Å—Ü–≤–µ—Ç–∫–æ–π —Ç–µ–ª–µ—Ñ–æ–Ω —Å–º–æ—Ç—Ä–∏—Ç—Å—è —Å—Ç–∏–ª—å–Ω–æ –∏ –æ—á–µ–Ω—å –∫—Ä—É—Ç–æ) –≠–∫—Ä–∞–Ω –ø–æ—á—Ç–∏ –Ω–∞ –≤—Å—é –ø–æ–≤–µ—Ä—Ö–Ω–æ—Å—Ç—å. –°–∞–º —Ç–µ–ª–µ—Ñ–æ–Ω —Ç–æ–Ω–∫–∏–π, –Ω–æ —Ö—Ä—É–ø–∫–∏–π. –ë–∞—Ç–∞—Ä–µ—è —Ç–µ–ª–µ—Ñ–æ–Ω–∞ —Ö–æ—Ä–æ—à–æ –¥–µ—Ä–∂–∏—Ç, —Ö–≤–∞—Ç–∞–µ—Ç –Ω–∞ 4-5 —á–∞—Å–æ–≤, –µ—Å–ª–∏ –∞–∫—Ç–∏–≤–Ω–æ —Å–∏–¥–µ—Ç—å –≤ —Ç–µ–ª–µ—Ñ–æ–Ω–µ. –ï—Å–ª–∏ –≤—ã —á–µ–ª–æ–≤–µ–∫, –∫–æ—Ç–æ—Ä—ã–π –∏—Å–ø–æ–ª—å–∑—É–µ—Ç —Å–º–∞—Ä—Ç—Ñ–æ–Ω —Ç–æ–ª—å–∫–æ —Ä–∞–¥–∏ –∑–≤–æ–Ω–∫–æ–≤, —Ç–æ –∑–∞—Ä—è–¥–∞ –≤–∞–º —Ö–≤–∞—Ç–∏—Ç –Ω–∞ 2 –¥–Ω—è. –ù–∞ —Å–º–∞—Ä—Ç—Ñ–æ–Ω–µ —Ç–∞–∫ –∂–µ –µ—Å—Ç—å –º–Ω–æ–≥–æ —Ä–∞–∑–ª–∏—á–Ω—ã—Ö —Ñ—É–Ω–∫—Ü–∏–π. –ù–µ—Å–∫–æ–ª—å–∫–æ –±–ª–æ–∫–∏—Ä–æ–≤–æ–∫ —Ç–µ–ª–µ—Ñ–æ–Ω–∞, —Ç–æ-–µ—Å—Ç—å –º–æ–∂–Ω–æ –ø–æ—Å—Ç–∞–≤–∏—Ç—å pin cod ,—Ä–∞—Å–ø–æ–∑–Ω–∞–≤–∞–Ω–∏–µ –ª–∏—Ü–∞ , –∏ –æ—Ç–ø–µ—á–∞—Ç–æ–∫ –ø–∞–ª—å—Ü–∞.  –ó–∞ 2 –≥–æ–¥–∞ –ø–æ–ª—å–∑–æ–≤–∞–Ω–∏–µ–º —ç—Ç–æ–≥–æ —Ç–µ–ª–µ—Ñ–æ–Ω–∞ , –º–æ–≥—É —Å–∫–∞–∑–∞—Ç—å —á—Ç–æ –æ–Ω –Ω–µ —Å—Ç–æ–∏—Ç —Å–≤–æ–∏—Ö –¥–µ–Ω–µ–≥. –ö–∞–º–µ—Ä–∞ –º–Ω–µ –Ω–µ –æ—Å–æ–±–æ –Ω—Ä–∞–≤–∏—Ç—Å—è, —á–∞—Å—Ç–æ –∑–∞–≤–∏—Å–∞–µ—Ç –∏ –æ—Ç–ø–µ—á–∞—Ç–æ–∫ –ø–∞–ª—å—Ü–∞ –Ω–µ –≤—Å–µ–≥–¥–∞ —Ä–∞–±–æ—Ç–∞–µ—Ç. –í –¥–∞–Ω–Ω—ã–π –º–æ–º–µ–Ω—Ç —É —Ç–µ–ª–µ—Ñ–æ–Ω–∞ –µ—Å—Ç—å 2 –æ–≥—Ä–æ–º–Ω—ã—Ö –º–∏–Ω—É—Å–∞.
0	"–¢–∞–∫—É—é —Ö–æ—Ä–æ—à—É—é, –Ω–∞ –ø–µ—Ä–≤—ã–π –≤–∑–≥–ª—è–¥, –º–æ–¥–µ–ª—å —Ç–∞–∫ –Ω–µ–¥–æ—Ä–∞–±–æ—Ç–∞–ª–∏... –í—Å–µ–º –ø—Ä–∏–≤–µ—Ç! –°–ø–µ—à—É –ø–æ–¥–µ–ª–∏—Ç—å—Å—è –≤–ø–µ—á–∞—Ç–ª–µ–Ω–∏—è–º–∏ –æ —Å–≤–æ—ë–º –Ω–æ–≤–æ–º —Å–º–∞—Ä—Ç—Ñ–æ–Ω–µ! –ü–æ—Å–ª–µ —Ç–æ–≥–æ, –∫–∞–∫ –º–µ–Ω—è —Ä–∞–∑–æ—á–∞—Ä–æ–≤–∞–ª –º–æ–π Asus - —Ä–µ—à–∏–ª–∞ –ø–æ–ø—Ä–æ–±–æ–≤–∞—Ç—å —á—Ç–æ-—Ç–æ –æ—á–µ–Ω—å –Ω–æ–≤–æ–µ. –ò –≤–æ—Ç, –ø–æ —Å–æ–≤–µ—Ç—É –±—Ä–∞—Ç–∞, –æ–∫—É–Ω—É–ª–∞ —Å–≤–æ–∏ –ø–æ–∏—Å–∫–∏ –≤ –ª–∏–Ω–µ–π–∫—É Xiaomi. –ü–æ –µ–≥–æ —Å–ª–æ–≤–∞–º: "" –≠—Ç–æ—Ç –Ω–∞—á–∏–Ω–∞—é—â–∏–π –±—Ä–µ–Ω–¥ —Å–∫–æ—Ä–æ –≤—Å—Ç–∞–Ω–µ—Ç –Ω–∞ –ø–µ—Ä–µ–¥–Ω–∏–µ —Ä—è–¥—ã"". –ò –¥–µ–π—Å—Ç–≤–∏—Ç–µ–ª—å–Ω–æ, —à–∏—Ä–æ–∫–∏–π –∞—Å—Å–æ—Ä—Ç–∏–º–µ–Ω—Ç —Å–º–∞—Ä—Ç—Ñ–æ–Ω–æ–≤ –Ω–∞ –ª—é–±–æ–π –≤–∫—É—Å —Å—É–ª–∏—Ç Xiaomi –ø–æ–ø—É–ª—è—Ä–Ω–æ—Å—Ç—å. –í—ã–±–∏—Ä–∞–ª–∞ —è –∏–¥–µ–∞–ª—å–Ω–æ–µ —Å–æ–æ—Ç–Ω–æ—à–µ–Ω–∏–µ —Ü–µ–Ω–∞-–∫–∞–º–µ—Ä–∞-–±–∞—Ç–∞—Ä–µ—è-–≤–Ω—É—Ç—Ä–µ–Ω–Ω—è—è –ø–∞–º—è—Ç—å-–≤–Ω–µ—à–Ω–∏–π –≤–∏–¥. –ú–æ–∏ —Ç—Ä–µ–±–æ–≤–∞–Ω–∏—è —Å–æ—à–ª–∏—Å—å –Ω–∞ Xiaomi Redmi Note 5 32 GB. –≠—Ç–∞ –∫—Ä–∞—Å–∏–≤–∞—è –º–æ–¥–µ–ª—å —É–∂ –æ—á–µ–Ω—å –Ω–∞–ø–æ–º–∏–Ω–∞–µ—Ç –≤–Ω–µ—à–Ω–∏–º –¥–∏–∑–∞–π–Ω–æ–º iPhone Xüòâ. –¢–µ–ª–µ—Ñ–æ–Ω –¥–µ–π—Å—Ç–≤–∏—Ç–µ–ª—å–Ω–æ –∫—Ä–∞—Å–∏–≤—ã–π. –ú–Ω–µ –Ω–µ—Å–∫–æ–ª—å–∫–æ –ø–æ–∫–∞–∑–∞–ª–æ—Å—å –Ω–µ—É–¥–æ–±–Ω—ã–º —Ä–∞—Å–ø–æ–ª–æ–∂–µ–Ω–∏–µ —Å–∫–∞–Ω–µ—Ä–∞ –æ—Ç–ø–µ—á–∞—Ç–∫–∞ –ø–∞–ª—å—Ü–∞ - –Ω–∞ –∑–∞–¥–Ω–µ–π –∫—Ä—ã—à–∫–µ. –†–∞–∑–±–ª–æ–∫–∏—Ä—É–µ—Ç—Å—è –∫–∞–∂–¥—ã–π —Ä–∞–∑, –∫–æ–≥–¥–∞ –±–µ—Ä–µ—à—å –µ–≥–æ –≤ —Ä—É–∫—É. –ú–µ—Ç–∞–ª–ª–∏—á–µ—Å–∫–∏–π –∫–æ—Ä–ø—É—Å –ø—Ä–∞–∫—Ç–∏—á–µ—Å–∫–∏ –ø–æ–ª–Ω–æ—Å—Ç—å—é –ø–æ–∫—Ä—ã–≤–∞–µ—Ç –∑–∞–¥–Ω—é—é —á–∞—Å—Ç—å —Å–º–∞—Ä—Ç—Ñ–æ–Ω–∞ –∏ –µ–≥–æ –±–æ–∫–æ–≤—ã–µ –≥—Ä–∞–Ω–∏, –Ω–æ —Å–≤–µ—Ä—Ö—É –∏ —Å–Ω–∏–∑—É –ø—Ä–∏—Å—É—Ç—Å—Ç–≤—É—é—Ç –Ω–µ–±–æ–ª—å—à–∏–µ –≤—Å—Ç–∞–≤–∫–∏ –≤—ã–ø–æ–ª–Ω–µ–Ω–Ω—ã–µ –∏–∑ –ø–ª–∞—Å—Ç–∏–∫–∞, –∫–æ—Ç–æ—Ä—ã–µ –Ω—É–∂–Ω—ã, –ø–æ —Å–ª–æ–≤–∞–º –ø—Ä–æ–∏–∑–≤–æ–¥–∏—Ç–µ–ª—è, –¥–ª—è –∫–∞—á–µ—Å—Ç–≤–µ–Ω–Ω–æ–≥–æ –ø—Ä–∏–µ–º–∞ —Å–∏–≥–Ω–∞–ª–∞ –º–æ–¥—É–ª—è–º–∏ —Å–≤—è–∑–∏. –ö—Å—Ç–∞—Ç–∏, —Å–∏–≥–Ω–∞–ª —Ç–µ–ª–µ—Ñ–æ–Ω –ø—Ä–∞–≤–¥–∞ –ª–æ–≤–∏—Ç —Ö–æ—Ä–æ—à–æ, –¥–∞–∂–µ —Ç–∞–º –≥–¥–µ –¥—Ä—É–≥–∏–µ —Å–º–∞—Ä—Ç—Ñ–æ–Ω—ã –ø–æ–¥–≤–æ–¥—è—Ç üëå –û—Ç–¥–µ–ª—å–Ω–æ–µ —É–¥–æ–≤–æ–ª—å—Å—Ç–≤–∏–µ –¥–æ—Å—Ç–∞–≤–ª—è–µ—Ç —Å—Ä–∞–≤–Ω–∏—Ç–µ–ª—å–Ω–æ –±–æ–ª—å—à–æ–π —ç–∫—Ä–∞–Ω(–¥–∏–∞–≥–æ–Ω–∞–ª—å 5,99''), –∫–æ—Ç–æ—Ä—ã–π –ø–µ—Ä–µ–¥–∞–µ—Ç –æ—á–µ–Ω—å —á—ë—Ç–∫—É—é –∏ —è—Ä–∫—É—é –∫–∞—Ä—Ç–∏–Ω–∫—É, –æ—á–µ–Ω—å —ç—Ç–æ –ø–æ—Ä–∞–¥–æ–≤–∞–ª–æ. –ö–∞–º–µ—Ä–∞ –¥–æ—Å—Ç–æ–π–Ω–∞—è, –∫–∞–∫ –æ—Å–Ω–æ–≤–Ω–∞—è (12+5 –ú–ø), —Ç–∞–∫ –∏ —Ñ—Ä–æ–Ω—Ç–∞–ª—å–Ω–∞—è (13 –ú–ø), –¥–µ–ª–∞—é—Ç –∫–∞—á–µ—Å—Ç–≤–µ–Ω–Ω—ã–µ —Å–Ω–∏–º–∫–∏, –∞–≤—Ç–æ–º–∞—Ç–∏—á–µ—Å–∫–∏ —Ñ–æ–∫—É—Å–∏—Ä—É—é—Ç—Å—è, –Ω–æ –Ω–µ –Ω–∞ –±–ª–∏–∑–∫–∏–µ —Ä–∞—Å—Å—Ç–æ—è–Ω–∏—è... –ù–∞ –±–ª–∏–∑–∫–∏–µ —Ä–∞—Å—Å—Ç–æ—è–Ω–∏—è –≤–æ–æ–±—â–µ –≤—Å–µ –º—É—Ç–Ω–æ. –û—á–µ–Ω—å –±–µ—Å–ø–æ–∫–æ–∏—Ç —Ç–æ, —á—Ç–æ –∫–∞–º–µ—Ä–∞ –ø—Ä–∏ –≤–∫–ª—é—á–µ–Ω–∏–∏ –≤–∏—Å–Ω–µ—Ç, –≤–∫–ª—é—á–∞–µ—Ç—Å—è —Å–µ–∫—É–Ω–¥—ã —á–µ—Ä–µ–∑ 2 –∏ —Ñ–æ—Ç–æ –¥–µ–ª–∞–µ—Ç —Ç–æ–∂–µ —Å –∑–∞–ø–æ–∑–¥–∞–Ω–∏–µ–º... –ù–∞–¥–µ—è–ª–∞—Å—å, —á—Ç–æ —Å –æ–±–Ω–æ–≤–ª–µ–Ω–∏–µ–º —ç—Ç–æ –ø—Ä–æ–π–¥–µ—Ç, –Ω–æ –Ω–µ—Ç... –°–¥–≤–æ–µ–Ω–Ω–∞—è –æ—Å–Ω–æ–≤–Ω–∞—è –∫–∞–º–µ—Ä–∞ –¥–æ–≤–æ–ª—å–Ω–æ —Å–∏–ª—å–Ω–æ –≤—ã–ø–∏—Ä–∞–µ—Ç –∑–∞ –ø—Ä–µ–¥–µ–ª—ã –∫–æ—Ä–ø—É—Å–∞ –∏ –∑–∞ —Å—á–µ—Ç —ç—Ç–æ–≥–æ —Å–º–∞—Ä—Ç—Ñ–æ–Ω –Ω–µ—É—Å—Ç–æ–π—á–∏–≤–æ –ª–µ–∂–∏—Ç –Ω–∞ —Ä–æ–≤–Ω—ã—Ö –ø–æ–≤–µ—Ä—Ö–Ω–æ—Å—Ç—è—Ö. –†–µ—à–µ–Ω–∏–µ–º –ø—Ä–æ–±–ª–µ–º—ã –º–æ–∂–µ—Ç —Å—Ç–∞—Ç—å –∏—Å–ø–æ–ª—å–∑–æ–≤–∞–Ω–∏–µ –∑–∞—â–∏—Ç–Ω–æ–≥–æ —á–µ—Ö–ª–∞, —Ç–æ–ª—â–∏–Ω–∞ –∫–æ—Ç–æ—Ä–æ–≥–æ —Ö–æ—Ç—å –∫–∞–∫-—Ç–æ –∫–æ–º–ø–µ–Ω—Å–∏—Ä—É–µ—Ç –¥–∞–Ω–Ω—ã–π –Ω–µ–¥–æ—Å—Ç–∞—Ç–æ–∫ —Å–º–∞—Ä—Ç—Ñ–æ–Ω–∞. –û–¥–Ω–∞–∫–æ, –Ω–∞–π—Ç–∏ —á–µ—Ö–æ–ª –æ–∫–∞–∑–∞–ª–æ—Å—å –¥–æ–≤–æ–ª—å–Ω–æ —Å–ª–æ–∂–Ω–æ, –µ—Å—Ç—å –∏—Å–∫–ª—é—á–∏—Ç–µ–ª—å–Ω–æ —Å—Ç–∞–Ω–¥–∞—Ä—Ç–Ω—ã–µ, –Ω–æ —Ö–æ—á–µ—Ç—Å—è —á—Ç–æ-–Ω–∏–±—É–¥—å –∏–Ω—Ç–µ—Ä–µ—Å–Ω–æ–µ, –∑–∞–∫–∞–∑–∞–ª–∞ —Å Joom. –ë–∞—Ç–∞—Ä–µ—é –æ—á–µ–Ω—å —Ö–æ—Ä–æ—à–æ –¥–µ—Ä–∂–∏—Ç, –≤ —ç—Ç–æ–º –Ω–µ –æ—à–∏–±–ª–∞—Å—å üòÉ. –ù–æ –≤–æ—Ç –±–µ–¥–∞! –ß–µ—Ä–µ–∑ –¥–≤–∞ –º–µ—Å—è—Ü–∞ —Ç–µ–ª–µ—Ñ–æ–Ω –Ω–∞—á–∞–ª –≤–∏—Å–Ω—É—Ç—å, —Å–∞–º –ø–µ—Ä–µ–∑–∞–≥—Ä—É–∂–∞–µ—Ç—Å—è, –∫–∞–º–µ—Ä–∞ —Å–æ–≤—Å–µ–º –ø–ª–æ—Ö–æ —Ä–µ–∞–≥–∏—Ä—É–µ—Ç... –†–∞–∑–æ—á–∞—Ä–æ–≤–∞–ª–∞—Å—å –≤—Å—ë-—Ç–∞–∫–∏, –ø–æ—Ç–æ–º—É —á—Ç–æ —Ö–æ—Ç–µ–ª–∞ –æ—Ç –Ω–æ–∞–æ–≥–æ —Ç–µ–ª–µ—Ñ–æ–Ω–∞ –±—ã—Å—Ç—Ä–æ–π –∏ –±–µ–∑–æ—Ç–∫–∞–∑–Ω–æ–π —Ä–∞–±–æ—Ç—ã, –∞ –∫–∞–∂–µ—Ç—Å—è, —á—Ç–æ –≤ —Ä—É–∫–∞—Ö —É—Å—Ç–∞–≤—à–∏–π —Å—Ç–∞—Ä–∏—á–æ–∫! –û—â—É—â–µ–Ω–∏–µ, —á—Ç–æ —É —Å–æ–∑–¥–∞—Ç–µ–ª–µ–π —ç—Ç–æ–π –º–æ–¥–µ–ª–∏ —Å–Ω–∞—á–∞–ª–∞ –ø–æ—è–≤–∏–ª–∞—Å—å –æ—Ç–ª–∏—á–Ω–∞—è –∏–¥–µ—è, –Ω–æ –≤ –ø—Ä–æ—Ü–µ—Å—Å–µ —Ä–∞–∑—Ä–∞–±–æ—Ç–∫–∏ –æ–Ω–∏ —É—Å—Ç–∞–ª–∏ –∏ –≤—ã–ø—É—Å—Ç–∏–ª–∏ –Ω–∞ –≤–∏—Ç—Ä–∏–Ω—ã –º–∞–≥–∞–∑–∏–Ω–∞ —Ç–æ, —á—Ç–æ —É—Å–ø–µ–ª–∏ —Å–¥–µ–ª–∞—Ç—å."
0	–¢–µ–ª–µ—Ñ–æ–Ω —Ç–∞–∫ —Å–µ–±–µ –ö—É–ø–∏–ª —Ç–µ–ª–µ—Ñ–æ–Ω, –ø–∏—Å–∞–ª–∏ —á—Ç–æ –≥–æ—Ä–µ–ª–∞ –≥–ª–∞—Å 3 - –Ω–∞–¥—ë–∂–Ω—ã–π. –û–±–º–∞–Ω. –ß–µ—Ä–µ–∑ –Ω–µ–¥–µ–ª—é –ø–æ—Å–ª–µ –ø–æ–∫—É–ø–∫–∏ —Ç—Ä–µ—Å–Ω—É–ª –≤–µ—Å—å —ç–∫—Ä–∞–Ω —Ä–æ–≤–Ω–æ –≤–¥–æ–ª—å –ø–æ—Å–µ—Ä–µ–¥–∏–Ω–µ. –° —Ç–µ–ª–µ—Ñ–æ–Ω–æ–º –æ–±—Ä–∞—â–∞–ª–∏—Å—å –∞–∫–∫—É—Ä–∞—Ç–Ω–æ (–Ω–æ—Å–∏–ª–∞ –≤ —Å—É–º–∫–µ, –Ω–∞ –ø–æ–ª –æ–Ω –Ω–µ –ø–∞–¥–∞–ª –Ω–∏ —É–¥–∞—Ä–µ–Ω–∏–π –Ω–µ –±—ã–ª–æ). –ü–æ-–≥–∞—Ä–∞–Ω—Ç–∏–π–Ω–æ–º—É —Ä–µ–º–æ–Ω—Ç–∏—Ä–æ–≤–∞—Ç—å –æ—Ç–∫–∞–∑–∞–ª–∏—Å—å. –†–æ–∑–µ—Ç–∫–∞ –Ω–µ —Å–æ–ø—Ä–æ–≤–æ–∂–¥–∞–ª–∞ –∏ –Ω–µ –∏–Ω—Ñ–æ—Ä–º–∏—Ä–æ–≤–∞–ª–∞ –æ –Ω–æ–≤–æ—Å—Ç—è—Ö –ø–æ–∫–∞ —Ç–µ–ª–µ—Ñ–æ–Ω –±—ã–ª –Ω–∞ —ç–∫—Å–ø–µ—Ä—Ç–∏–∑–µ. –ó–≤–æ–Ω–∏–ª–∞ 3 —Ä–∞–∑–∞ —Å–∞–º–∞ –Ω–∞ –ø—Ä–æ—Ç—è–∂–µ–Ω–∏–∏ 2 –Ω–µ–¥–µ–ª—å, —á—Ç–æ–±—ã –ø–æ–ª—É—á–∏—Ç—å –∏–Ω—Ñ–æ—Ä–º–∞—Ü–∏—é. –° —Ç—Ä–µ—Ç—å–µ–≥–æ —Ä–∞–∑–∞ –Ω–∞ 13 –¥–µ–Ω—å –ø–æ–ª—É—á–∏–ª–∞ –ø–µ—á–∞–ª—å–Ω—ã–µ –Ω–æ–≤–æ—Å—Ç–∏. –ü–µ—Ä–≤—ã–π —Ä–∞–∑ —Ç–∞–∫ –ø–æ–¥–≤–µ–ª–∞ —Å —Ç–æ–≤–∞—Ä–æ–º –∏ —Å–µ—Ä–≤–∏—Å–æ–º. –í —Å–ª—É—á–∞–µ –ø–æ–∫—É–ø–∫–∏ —Ç–µ–ª–µ—Ñ–æ–Ω–∞ —Ä–µ–∫–æ–º–µ–Ω–¥—É—é —Å –ø–µ—Ä–≤–æ–≥–æ –¥–Ω—è –æ–¥–µ—Ç—å –≤ –±–∞–º–ø–µ—Ä.
1	–û—á–µ–Ω—å –¥–æ–≤–æ–ª–µ–Ω! –ö—É–ø–∏–ª –¥–∞–Ω–Ω—ã–π —Ç–µ–ª–µ—Ñ–æ–Ω –Ω–µ–¥–µ–ª—é –Ω–∞–∑–∞–¥ –∏ –Ω–∏–∫–∞–∫ –Ω–µ –º–æ–≥—É –Ω–∞—Ä–∞–¥–æ–≤–∞—Ç—å—Å—è! –ù–∞—á–Ω–µ–º —Å –ø–ª—é—Å–æ–≤: 1) –ú–æ—â–Ω–∞—è –±–∞—Ç–∞—Ä–µ—è –∞–∂ –Ω–∞ 6000 –º–∞—á.  2) –ì—Ä–æ–º–∫–∏–π –¥–∏–Ω–∞–º–∏–∫. 3) –ö–∞–º–µ—Ä–∞ –Ω–∞ 48–º–ø –¥–µ–ª–∞–µ—Ç –æ—Ç–ª–∏—á–Ω—ã–µ —Ñ–æ—Ç–æ–≥—Ä–∞—Ñ–∏–∏. 4) NFC. 5) –ú–æ—â–Ω—ã–π –ø—Ä–æ—Ü–µ—Å—Å–æ—Ä, —Ç—è–Ω–µ—Ç –º–Ω–æ–≥–∏–µ –∏–≥—Ä—ã –Ω–∞ –º–∞–∫—Å–∏–º–∞–ª—å–Ω—ã—Ö –Ω–∞—Å—Ç—Ä–æ–π–∫–∞—Ö. 6) –í –∫–æ–º–ø–ª–µ–∫—Ç–µ –∏–¥–µ—Ç –±—ã—Å—Ç—Ä–∞—è –∑–∞—Ä—è–¥–∫–∞. 7) –û—Ç–ø–µ—á–∞—Ç–æ–∫ –ø–∞–ª—å—Ü–∞ —Ä–∞–±–æ—Ç–∞–µ—Ç –±—ã—Å—Ç—Ä–æ. –ù–µ–¥–æ—Å—Ç–∞—Ç–∫–æ–≤ –ø–æ–∫–∞ –Ω–µ –≤—ã—è–≤–∏–ª. –û—Ç–ª–∏—á–Ω—ã–π —Ç–µ–ª–µ—Ñ–æ–Ω –ø–æ —Ü–µ–Ω–∞/–∫–∞—á–µ—Å—Ç–≤–æ, —Å–æ–≤–µ—Ç—É—é!
1	–•–æ—Ä–æ—à–∏–π —Ç–µ–ª–µ—Ñ–æ–Ω –∑–∞ —Å–≤–æ–∏ –¥–µ–Ω—å–≥–∏.
0	–ù–µ –∫–∞—á–µ—Å—Ç–≤–µ–Ω–Ω–∞—è –∂–µ–ª–µ–∑–∫–∞ –≤ –∫—Ä–∞—Å–∏–≤–æ–π –æ–±–æ–ª–æ—á–∫–µ.  –ß–µ—Ä–µ–∑ –ø–æ–ª–≥–æ–¥–∞ –∏—Å–ø–æ–ª—å–∑–æ–≤–∞–Ω–∏—è –æ—Ç–≤–∞–ª–∏–ª—Å—è (–≤ –ø—Ä—è–º–æ–º —Å–º—ã—Å–ª–µ) –¥–∏—Å–ø–ª–µ–π. –ó–∞–º–µ–Ω–∏–ª–∏ –ø–æ –≥–∞—Ä–∞–Ω—Ç–∏–∏. –ï—â—ë —á–µ—Ä–µ–∑ –ø–æ–ª–≥–æ–¥–∞ –¥–∏—Å–ø–ª–µ–π –Ω–∞—á–∞–ª –≥–ª—é—á–∏—Ç, –∂–∏—Ç—å —Å–≤–æ–µ–π –∂–∏–∑–Ω—å—é. –í –≥–∞—Ä–∞–Ω—Ç–∏–π–Ω–æ–º —Ä–µ–º–æ–Ω—Ç–µ –æ—Ç–∫–∞–∑–∞–ª–∏, —Ç–∞–∫ –∫–∞–∫ –∏—Å—Ç–µ–∫–ª–∞ –≥–∞—Ä–∞–Ω—Ç–∏—è –Ω–∞ —Å–∞–º–æ —É—Å—Ç—Ä–æ–π—Å—Ç–≤–æ. –ü–æ–ª—É—á–∞–µ—Ç—Å—è, –≥–∞—Ä–∞–Ω—Ç–∏—è –Ω–∞ —Å–º–∞—Ä—Ç—Ñ–æ–Ω 1 –≥–æ–¥, –∞ –Ω–∞ –æ—Ä–∏–≥–∏–Ω–∞–ª—å–Ω—ã–π –¥–∏—Å–ø–ª–µ–π - –ø–æ–ª–≥–æ–¥–∞... –ë—Ä–µ–¥. –ü–æ–ª—å–∑—É—é—Å—å –ø—è—Ç—å—é —É—Å—Ç—Ä–æ–π—Å—Ç–≤–∞–º–∏ Honor, –Ω–æ –ø–æ—Å–ª–µ —ç—Ç–æ–≥–æ —Å–ª—É—á–∞—è –±—É–¥—É –æ–±—Ö–æ–¥–∏—Ç—å –¥–∞–Ω–Ω—ã–π –±—Ä–µ–Ω–¥ —Å—Ç–æ—Ä–æ–Ω–æ–π. –ù–∏–∫–æ–º—É –Ω–µ —Å–æ–≤–µ—Ç—É—é Honor.
1	–ù–µ–ø–ª–æ—Ö–æ–π –±—é–¥–∂–µ—Ç–Ω–∏–∫ –î–∞–Ω–Ω—ã–π –¥–µ–≤–∞–π—Å –ø–æ–∫—É–ø–∞–ª—Å—è —Ä–µ–±–µ–Ω–∫—É –≤ —à–∫–æ–ª—É –¥–ª—è –æ–±—ã—á–Ω–æ–π —Å–≤—è–∑–∏ –∏ —Å–æ—Ü.—Å–µ—Ç–µ–π. –ü–æ —Å–≤–æ–∏–º —Ö–∞—Ä–∞–∫—Ç–µ—Ä–∏—Å—Ç–∏–∫–∞–º 3–≥–± –æ–ø–µ—Ä–∞—Ç–∏–≤–∫–∏ –∏ 32 –≥–± –≤–Ω—É—Ç—Ä–µ–Ω–Ω–µ–π –ø–∞–º—è—Ç–∏ –æ–Ω –¥–æ–≤–æ–ª—å–Ω–æ —Ö–æ—Ä–æ—à–æ —Å–ø—Ä–∞–≤–ª—è–ª—Å—è —Å–æ —Å–≤–æ–∏–º–∏ —Ñ—É–Ω–∫—Ü–∏–æ–Ω–∞–ª—å–Ω—ã–º–∏ –æ–±—è–∑–∞–Ω–Ω–æ—Å—Ç—è–º–∏. –ü–æ –º–æ–µ–º—É –º–Ω–µ–Ω–∏—é, —ç–∫—Ä–∞–Ω –º–æ–∂–Ω–æ –±—ã–ª–æ –Ω–µ–º–Ω–æ–≥–æ —É–º–µ–Ω—å—à–∏—Ç—å, –ø–æ—Ç–æ–º—É —á—Ç–æ –æ–Ω –Ω–µ –ª–æ–∂–∏–ª—Å—è –≤ —Ä—É–∫—É –Ω–µ —Ç–æ —á—Ç–æ —Ä–µ–±–µ–Ω–∫—É 12-13 –ª–µ—Ç, –Ω–æ –∏ –≤–∑—Ä–æ—Å–ª–æ–º—É —á–µ–ª–æ–≤–µ–∫—É.  –í —Ü–µ–ª–æ–º –¥–æ–≤–æ–ª—å–Ω–æ —Ö–æ—Ä–æ—à–∏–π –±—é–¥–∂–µ—Ç–Ω–∏–∫ –¥–ª—è –µ–∂–µ–¥–Ω–µ–≤–Ω—ã—Ö –¥–µ–ª , —Ç–∏–ø–∞ –æ—Ç–ø—Ä–∞–≤–∏—Ç—å-–ø–æ–ª—É—á–∏—Ç—å –¥–µ–Ω—å–≥–∏ –Ω–∞ –∫–∞—Ä—Ç—É, –ø–æ–∑–≤–æ–Ω–∏—Ç—å, –≤—ã–∑–≤–∞—Ç—å —Ç–∞–∫—Å–∏, –ø—Ä–æ–≤–µ—Ä–∏—Ç—å –±–∞–ª–∞–Ω—Å –∫–∞—Ä—Ç, –ø–æ–∫–æ–≤—ã—Ä—è—Ç—å—Å—è –≤ –ø–æ–∏—Å–∫–æ–≤–∏–∫–µ, —Å —ç—Ç–∏–º–∏ –∑–∞–¥–∞—á–∞–º–∏ –¥–∞–Ω–Ω—ã–π –∞–ø–ø–∞—Ä–∞—Ç —Å–ø—Ä–∞–≤–ª—è–µ—Ç—Å—è –±–µ–∑ –≤—Å—è–∫–∏–π –∑–∞–≤–∏—Å–∞–Ω–∏–π. –ö–∞–º–µ—Ä–∞ –∫–∞–∫ –∫–∞–º–µ—Ä–∞, —Ö–æ—Ç—è —Å–æ—Å—Ç–æ–∏—Ç –∏—Ö –Ω–µ—Å–∫–æ–ª—å–∫–∏—Ö, –Ω–æ –æ—Å–æ–±–æ –ø–æ—Ö–≤–∞—Å—Ç–∞—Ç—å—Å—è –µ–π –Ω–µ –º–æ–≥—É( –ò–∑ –º–∏–Ω—É—Å–æ–≤ —Ç–æ–ª—å–∫–æ –¥–æ–≤–æ–ª—å–Ω–æ –¥–µ—à–µ–≤—ã–π –ø–ª–∞—Å—Ç–∏–∫, –∫–æ—Ç–æ—Ä—ã–π –±—ã—Å—Ç—Ä–æ —Ü–∞—Ä–∞–ø–∞–µ—Ç—Å—è, –æ—Ç—Å—É—Ç—Å—Ç–≤–∏–µ –Ω–∞—É—à–Ω–∏–∫–æ–≤ –≤ –∫–æ–º–ø–ª–µ–∫—Ç–µ, –æ—Ç—Å—É—Ç—Å—Ç–≤–∏–µ —á–µ—Ö–ª–∞ –∏ –ø–ª–µ–Ω–∫–∏ –≤ –∫–æ–º–ø–ª–µ–∫—Ç–µ, –∫–∞–∫ –Ω–∞–ø—Ä–∏–º–µ—Ä —É –µ–≥–æ –∞–Ω–∞–ª–æ–≥–∞ –æ—Ç Xiaomi Redmi 9. –í —Ü–µ–ª–æ–º –∞–ø–ø–∞—Ä–∞—Ç –Ω–∞ —Ö–æ—Ä–æ—à—É—é 4-–∫—É
0	"–ö–∏—Ç–∞–π –µ—Å—Ç—å –ö–∏—Ç–∞–π. –í—Å–µ–º –ø—Ä–∏–≤–µ—Ç! –Ø –≤—Å–µ–≥–¥–∞ –±—ã–ª–∞ –ø—Ä–∏–≤–µ—Ä–∂–µ–Ω—Ü–µ–º –∫–æ–º–ø–∞–Ω–∏–∏ Samsung, –Ω–∞—á–∏–Ω–∞—è —Å –∫–Ω–æ–ø–æ—á–Ω—ã—Ö —Ç–µ–ª–µ—Ñ–æ–Ω–æ–≤. –¢–∞–∫ –∫–∞–∫ –ø—Ä–∏ –≤—ã–±–æ—Ä–µ –º–æ–¥–µ–ª–µ–π —Ç–µ–ª–µ—Ñ–æ–Ω–æ–≤, —Å–æ–æ—Ç–Ω–æ—à–µ–Ω–∏–µ —Ü–µ–Ω—ã –∏ –∫–∞—á–µ—Å—Ç–≤–∞ –¥–ª—è –º–µ–Ω—è –≤—Å–µ–≥–¥–∞ –±—ã–ª–∏ —É —ç—Ç–æ–π –∫–æ–º–ø–∞–Ω–∏–∏. –ü–æ—Å–ª–µ–¥–Ω—è—è –º–æ–¥–µ–ª—å –ø–µ—Ä–µ–¥ –ø–æ–∫—É–ø–∫–æ–π Xiaomi —Å—Ç–∞–ª–∞ Samsung Galaxy Grand 2 Duos G7102 Black. –ö–∞–∫ –ø–æ–Ω–∏–º–∞–µ—Ç–µ, –¥–ª—è 2018 –≥–æ–¥–∞ —Ö–∞—Ä–∞–∫—Ç–µ—Ä–∏—Å—Ç–∏–∫–∏ —ç—Ç–æ–≥–æ —Ç–µ–ª–µ—Ñ–æ–Ω–∞ —É–∂–µ —É—Å—Ç–∞—Ä–µ–ª–∏ –∏ –Ω–µ–æ–±—Ö–æ–¥–∏–º–æ –±—ã–ª–æ –∫—É–ø–∏—Ç—å –±–æ–ª–µ–µ –Ω–æ–≤—ã–π —Ç–µ–ª–µ—Ñ–æ–Ω. –î–ª—è –º–µ–Ω—è –≤ –ø—Ä–∏–æ—Ä–∏—Ç–µ—Ç–µ –±—ã–ª –æ–±—ä–µ–º –±–∞—Ç–∞—Ä–µ–∏ –∏ –∫–∞—á–µ—Å—Ç–≤–æ –∫–∞–º–µ—Ä—ã (—Ç–∞–∫ –∫–∞–∫ –º–Ω–æ–≥–æ –ø—É—Ç–µ—à–µ—Å—Ç–≤—É—é –∏ —Ö–æ—Ä–æ—à–∞—è –∫–∞–º–µ—Ä–∞ –Ω–∞ —Ç–µ–ª–µ—Ñ–æ–Ω–µ –Ω–µ –ø–æ–º–µ—à–∞–µ—Ç). –¢–∞–∫–∂–µ –¶–ï–ù–ê! –Ø —Ä–∞–±–æ—Ç–∞—é –≤ –ò–¢ —Å—Ñ–µ—Ä–µ –∏ –ø–æ–Ω–∏–º–∞—é, —á—Ç–æ —Ç—Ä–∞—Ç–∏—Ç—å –æ–≥—Ä–æ–º–Ω—ã–µ –¥–µ–Ω—å–≥–∏ –Ω–∞ —Å–º–∞—Ä—Ç—Ñ–æ–Ω –Ω–µ—Ç —Å–º—ã—Å–ª–∞, —Ç–∞–∫ –∫–∞–∫ —Ç–µ—Ö–Ω–æ–ª–æ–≥–∏–∏ –∏–¥—É—Ç –≤–ø–µ—Ä–µ–¥ –∏ —Ç–∞–∫–∞—è —Ç–µ—Ö–Ω–∏–∫–∞ –±—ã—Å—Ç—Ä–æ —É—Å—Ç–∞—Ä–µ–≤–∞–µ—Ç. –°–º–∞—Ä—Ç—Ñ–æ–Ω—ã –∫–æ–º–ø–∞–Ω–∏–∏ Samsung —Å –∑–∞—Ç—Ä–µ–±–æ–≤–∞–Ω–Ω—ã–º–∏ –º–Ω–æ—é —Ö–∞—Ä–∞–∫—Ç–µ—Ä–∏—Å—Ç–∏–∫–∞–º–∏ –±—ã–ª–∏ –¥–ª—è –º–µ–Ω—è –¥–æ—Ä–æ–≥–∏–µ. –¢–∞–∫ –≤–æ—Ç –¥–æ–ª–≥–æ –≤—ã–±–∏—Ä–∞—è, —Ä–µ—à–∏–ª–∞ –ü–û–í–ï–†–ò–¢–¨ –ö–∏—Ç–∞—é –∏ –æ—Å—Ç–∞–Ω–æ–≤–∏–ª–∞—Å—å –Ω–∞ –º–æ–¥–µ–ª–∏ Xiaomi Redmi Note 5. –ü–ª—é—Å—ã –ø–æ –∫–æ—Ç–æ—Ä—ã–º —è –≤—ã–±—Ä–∞–ª–∞ —ç—Ç–æ—Ç —Ç–µ–ª–µ—Ñ–æ–Ω —Å—Ç–∞–ª–∏: –ú–∏–Ω—É—Å—ã, —á–µ—Ä–µ–∑ –∫–æ—Ç–æ—Ä—ã–µ —è —Å–º–æ–≥–ª–∞ –ø–µ—Ä–µ—Å—Ç—É–ø–∏—Ç—å: –î–∞-–¥–∞! –ß–µ–º –º–Ω–µ –Ω—Ä–∞–≤–∏–ª–∏—Å—å –º–æ–¥–µ–ª—è—Ö Samsung, —á—Ç–æ —É –Ω–∏—Ö –≤—Å–µ–≥–¥–∞ –±—ã–ª–æ 2 —Å–ª–æ—Ç–∞ –¥–ª—è —Å–∏–º–æ–∫ –∏ –æ—Ç–¥–µ–ª—å–Ω—ã–π —Å–ª–æ—Ç –¥–ª—è –∫–∞—Ä—Ç—ã –ø–∞–º—è—Ç–∏. –ù–æ —Ç–∞–∫ –∫–∞–∫ –ø–∞–º—è—Ç–∏ –≤ —Å–º–∞—Ä—Ç—Ñ–æ–Ω–µ Xiaomi –±—ã–ª–æ –¥–æ—Å—Ç–∞—Ç–æ—á–Ω–æ, —Ä–µ—à–∏–ª–∞ –Ω–∞ —ç—Ç–æ—Ç –º–∏–Ω—É—Å ""–∑–∞–∫—Ä—ã—Ç—å –≥–ª–∞–∑–∞"". –ù–µ –∫ –ø–ª—é—Å–∞–º, –Ω–µ –∫ –º–∏–Ω—É—Å–∞–º –Ω–µ –º–æ–≥—É –æ—Ç–º–µ—Å—Ç–∏ –æ–±–æ–ª–æ—á–∫—É  –°–Ω–∞—á–∞–ª–∞ –±—ã–ª–æ –Ω–µ —É–¥–æ–±–Ω–æ, —Ç–∞–∫ –∫–∞–∫ –≤ –º–æ–¥–µ–ª—è—Ö Samsung –æ–±–æ–ª–æ—á–µ–∫ –Ω–µ –±—ã–ª–æ. –ù–æ —Å–æ –≤—Ä–µ–º–µ–Ω–µ–º –ø—Ä–∏–≤—ã–∫–ª–∞ –∏ —Å–º–æ–≥–ª–∞ –ø–æ–¥—Å—Ç—Ä–æ–∏—Ç—å —Å–∏—Å—Ç–µ–º—É –ø–æ–¥ —Å–µ–±—è. –ó–∞ –≤—Å–µ –≤—Ä–µ–º—è –∏—Å–ø–æ–ª—å–∑–æ–≤–∞–Ω–∏—è —Å–º–∞—Ä—Ç—Ñ–æ–Ω–∞, –∞ —ç—Ç–æ –ø—Ä–∏–º–µ—Ä–Ω–æ 1,5 –≥–æ–¥–∞, –º–µ–Ω—è –ø–æ—Ä–∞–¥–æ–≤–∞–ª–æ, —Ç–æ —á—Ç–æ –¥–∞–Ω–Ω–∞—è –º–æ–¥–µ–ª—å –ø–æ–¥–¥–µ—Ä–∂–∞–ª–∞ –æ–±–Ω–æ–≤–ª–µ–Ω–∏–µ –Ω–∞ Android 9. –ù–æ —Å –∫–∞–∂–¥—ã–º –æ–±–Ω–æ–≤–ª–µ–Ω–∏–µ–º, –∫–∞–∫ –æ–±–æ–ª–æ—á–∫–∏  —Ç–∞–∫ –∏ –≤–µ—Ä—Å–∏–∏ –æ–ø–µ—Ä–∞—Ü–∏–æ–Ω–Ω–æ–π —Å–∏—Å—Ç–µ–º—ã —Å–º–∞—Ä—Ç—Ñ–æ–Ω –ª—É—á—à–µ —Ä–∞–±–æ—Ç–∞—Ç—å –Ω–µ —Å—Ç–∞–ª. –û—á–µ–Ω—å –º–Ω–æ–≥–æ –±–∞–≥–æ–≤, –∫–æ—Ç–æ—Ä—ã–µ —Å–æ —Å–ª–µ–¥—É—é—â–∏–º –æ–±–Ω–æ–≤–ª–µ–Ω–∏–µ –∏—Å–ø—Ä–∞–≤–ª—è–ª–∏, –Ω–æ –¥–æ —Å–ª–µ–¥—É—é—â–µ–≥–æ –æ–±–Ω–æ–≤–ª–µ–Ω–∏–µ –Ω—É–∂–Ω–æ –±—ã–ª–æ –∫–∞–∫-—Ç–æ –ø–æ–ª—å–∑–æ–≤–∞—Ç—å—Å—è —Å–º–∞—Ä—Ç—Ñ–æ–Ω–æ–º —Å –±–∞–≥–∞–º–∏. –¢–∞–∫–∂–µ –ø–æ—Å–ª–µ–¥–Ω–∏–µ —Ç—Ä–∏ –º–µ—Å—è—Ü–∞ –∏—Å–ø–æ—Ä—Ç–∏–ª–∞—Å—å —Ñ—Ä–æ–Ω—Ç–∞–ª—å–Ω–∞—è –∫–∞–º–µ—Ä–∞, –Ω–µ –º–æ–≥—É —Å–∫–∞–∑–∞—Ç—å —Å —á–µ–º —ç—Ç–æ —Å–≤—è–∑–∞–Ω–æ, –Ω–æ –º–Ω–æ–≥–æ —Ñ–æ—Ç–æ –ø–æ–ª—É—á–∞—é—Ç—Å—è –∑–∞—Å–≤–µ—á–µ–Ω–Ω—ã–º–∏. –°–º–∞—Ä—Ç—Ñ–æ–Ω –ø–æ—Å–ª–µ–¥–Ω–µ–µ –≤—Ä–µ–º—è –º–Ω–æ–≥–æ –ª–∞–≥–∞–µ—Ç –∏ –ø–æ–¥–≤–∏—Å–∞–µ—Ç, —Ö–æ—Ç—è —É—Å—Ç–∞–Ω–æ–≤–ª–µ–Ω–Ω—ã—Ö –ø—Ä–∏–ª–æ–∂–µ–Ω–∏–π –Ω–µ –º–Ω–æ–≥–æ –∏ —á–∏—Å—Ç–∫–∞ —Ç–µ–ª–µ—Ñ–æ–Ω–∞ –ø—Ä–æ–≤–æ–¥–∏—Ç—å—Å—è —Ä–µ–≥—É–ª—è—Ä–Ω–æ. –û–¥–Ω–∏–º —Å–ª–æ–≤–æ–º, –ö–∏—Ç–∞–π –µ—Å—Ç—å –ö–∏—Ç–∞–π. –¢–∞–∫–æ–π –±/—É —Å–º–∞—Ä—Ç—Ñ–æ–Ω —è –±—ã –ù–ï —Å–æ–≤–µ—Ç–æ–≤–∞–ª–∞ –ø–æ–∫—É–ø–∞—Ç—å. –ò –ø—Ä–æ–¥–∞—Ç—å –¥—É–º–∞—é –∑–∞ –Ω–æ—Ä–º–∞–ª—å–Ω—ã–µ –¥–µ–Ω—å–≥–∏ –≤—ã –µ–≥–æ —É–∂–µ –Ω–µ —Å–º–æ–∂–µ—Ç–µ.  –û–¢–ó–´–í  –ö —Å–æ–∂–∞–ª–µ–Ω–∏—é –∏–∑ –º–∏–Ω—É—Å–æ–≤ –æ–±–Ω–∞—Ä—É–∂–∏–ª–∞, —á—Ç–æ —á—Ç–æ-—Ç–æ –ø—Ä–æ–∏–∑–æ—à–ª–æ —Å —Ä–∞–∑—ä–µ–º–æ–º –¥–ª—è –Ω–∞—É—à–Ω–∏–∫–æ–≤. –ó–≤—É–∫ –ø—Ä–∏ –ø—Ä–æ—Å–ª—É—à–∏–≤–∞–Ω–∏–∏ –º—É–∑—ã–∫–∏ —Å—Ç–∞–ª –≥–ª—É—Ö–∏–º. –°–Ω–∞—á–∞–ª–∞ —è –≥—Ä–µ—à–∏–ª–∞ –Ω–∞ —Å–≤–æ–∏ –Ω–∞—É—à–Ω–∏–∫–∏, –Ω–æ –±–ª–∞–≥–æ —É –º–µ–Ω—è –µ—Å—Ç—å bluetooth –≥–∞—Ä–Ω–∏—Ç—É—Ä–∞ –∏ –Ω–∞ —ç—Ç–æ–π –ø—Ä–æ–±–ª–µ–º–µ —è –Ω–µ –æ–±—Ä–∞—â–∞–ª–∞ –≤–Ω–∏–º–∞–Ω–∏–µ. –ù–æ –∫–∞–∫-—Ç–æ –ø—Ä–∏—à–ª–æ—Å—å –≤–∑—è—Ç—å –ø—Ä–æ–≤–æ–¥–Ω—ã–µ –Ω–∞—É—à–Ω–∏–∫–∏ –ø–æ–¥—Ä—É–≥–∏ –∏ –ø—Ä–∏—Å–æ–µ–¥–∏–Ω–∏–≤ –∫ —Å–≤–æ–µ–º—É —Ç–µ–ª–µ—Ñ–æ–Ω—É —è —É—Å–ª—ã—à–∞–ª–∞ –≤—Å–µ —Ç–æ—Ç –∂–µ –≥–ª—É—Ö–æ–π –∑–≤—É–∫. –£ –º–µ–Ω—è –µ—Å—Ç—å —Å–µ–ª—Ñ–∏ –ø–∞–ª–∫–∞, –∫–æ—Ç–æ—Ä–∞—è –ø—Ä–µ–∫—Ä–∞—Å–Ω–æ —Ä–∞–±–æ—Ç–∞–ª–∞ –Ω–∞ —ç—Ç–æ–º —Ç–µ–ª–µ—Ñ–æ–Ω–µ, –Ω–æ –Ω–∞ –ù–ì —è –Ω–µ —Å–º–æ–≥–ª–∞ —Å–¥–µ–ª–∞—Ç—å —Å–µ–ª—Ñ–∏, —Ç–∞–∫ –∫–∞–∫ –æ–∫–∞–∑–∞–ª–æ—Å—å, —á—Ç–æ —Ç–µ–ª–µ—Ñ–æ–Ω –ø–µ—Ä–µ—Å—Ç–∞–ª —Ä–µ–∞–≥–∏—Ä–æ–≤–∞—Ç—å –Ω–∞ –Ω–µ–µ. –í –¥—Ä—É–≥–æ–º —Ç–µ–ª–µ—Ñ–æ–Ω–µ –º–æ—è —Å–µ–ª—Ñ–∏ –ø–∞–ª–∫–∞ –ø—Ä–µ–∫—Ä–∞—Å–Ω–æ —Ä–∞–±–æ—Ç–∞–µ—Ç. –ì—Ä–µ—à—É –æ–ø—è—Ç—å –Ω–∞ —Ä–∞–∑—ä–µ–º. –ò–Ω—Ç–µ—Ä–µ—Å–Ω–æ, —É –∫–æ–≥–æ-—Ç–æ –µ—â–µ –µ—Å—Ç—å —Ç–∞–∫–∏–µ –ø—Ä–æ–±–ª–µ–º—ã? –ü.–°. –¢–µ–ª–µ—Ñ–æ–Ω –Ω–µ –∫—É–ø–∞–ª—Å—è, –≤ –≥—Ä—è–∑–∏ –Ω–µ –≤–∞–ª—è–ª—Å—è –∏ —Ç–¥ –∏ —Ç–ø.  -------->"
1	–¢–µ–ª–µ—Ñ–æ–Ω —Ä–µ–∫–æ–º–µ–Ω–¥—É—é –†–µ—à–∏–ª–∞ –æ–±–Ω–æ–≤–∏—Ç—å —Å–µ–±–µ —Ç–µ–ª–µ—Ñ–æ–Ω. –ò—Å–∫–∞–ª–∞ –≥–¥–µ –≤—ã–≥–æ–¥–Ω–µ–µ –±—É–¥–µ—Ç —ç—Ç–æ —Å–¥–µ–ª–∞—Ç—å, –∏ –Ω–∞—Ç–∫–Ω—É–ª–∞—Å—å –Ω–∞ –ø–æ–¥–ø–∏—Å–∫—É —Ñ–æ—Ä–≤–∞—Ä–¥. –°—Ç–æ–∏–º–æ—Å—Ç—å –Ω–∞ —Å–º–∞—Ä—Ç—Ñ–æ–Ω—ã —Ç–∞–∫–∞—è –∂–µ, –∫–∞–∫ —É –æ—Ñ–∏—Ü–∏–∞–ª—å–Ω—ã—Ö –ø—Ä–µ–¥—Å—Ç–∞–≤–∏—Ç–µ–ª–µ–π, —Ç–æ–ª—å–∫–æ –ø–ª–∞—Ç–∏—à—å –Ω–µ –≤—Å–µ —Å—Ä–∞–∑—É, –∞ –µ–∂–µ–º–µ—Å—è—á–Ω—ã–º–∏ –ø–ª–∞—Ç–µ–∂–∞–º–∏. –ü–ª—é—Å —É –Ω–∏—Ö –±—ã–ª–∞ –∞–∫—Ü–∏—è ‚Äì —Å–¥–∞–π —Å—Ç–∞—Ä—ã–π, –ø–æ–ª—É—á–∏–ª–∏ —Å–∫–∏–¥–∫—É –Ω–∞ –Ω–æ–≤—ã–π. –Ø —Ç–∞–∫ –∏ —Å–¥–µ–ª–∞–ª–∞. –ü–æ–ª—å–∑—É—é—Å—å –º–µ—Å—è—Ü, –ø–æ–∫–∞ –∞–ø–ø–∞—Ä–∞—Ç —Å–æ–∑–¥–∞–µ—Ç —Ç–æ–ª—å–∫–æ –ø–æ–ª–æ–∂–∏—Ç–µ–ª—å–Ω–æ–µ –≤–ø–µ—á–∞—Ç–ª–µ–Ω–∏–µ. –ü—Ä–æ—Å—Ç–æ –æ—Ç–ª–∏—á–Ω–∞—è –∫–∞–º–µ—Ä–∞, –¥–æ—Å—Ç–∞—Ç–æ—á–Ω–æ –º–æ—â–Ω—ã–π –ø—Ä–æ—Ü–µ—Å—Å–æ—Ä, —è—Ä–∫–∏–π —ç–∫—Ä–∞–Ω, —Å –≤–æ–∑–º–æ–∂–Ω–æ—Å—Ç—å—é –ø–æ–¥—Å—Ç—Ä–æ–π–∫–∏. –î–∏–∑–∞–π–Ω –æ—á–µ–Ω—å –Ω—Ä–∞–≤–∏—Ç—Å—è, –≤—ã–≥–ª—è–¥–∏—Ç –¥–æ—Ä–æ–≥–æ, –Ω–µ —Å–º–æ—Ç—Ä—è –Ω–∞ —Ç–æ, —á—Ç–æ –∫–æ—Ä–ø—É—Å –∏–∑ –ø–ª–∞—Å—Ç–∏–∫–∞. –ö—Å—Ç–∞—Ç–∏, –∑–∞ —Ç–∞–∫—É—é —Ü–µ–Ω—É –º–æ–≥–ª–∏ –±—ã –∏ –º–µ—Ç–∞–ª–ª–∏—á–µ—Å–∫–∏–π —Å–¥–µ–ª–∞—Ç—å. –ó–∞—Ä—è–∂–∞–µ—Ç—Å—è –¥–æ–≤–æ–ª—å–Ω–æ –±—ã—Å—Ç—Ä–æ, –∏ –∑–∞—Ä—è–¥ —Ç–µ—Ä—è–µ—Ç –Ω–µ —Ç–∞–∫ —Å–∫–æ—Ä–æ, –∫–∞–∫ –º–æ–π –ø—Ä–µ–¥—ã–¥—É—â–∏–π. –¢–µ–ª–µ—Ñ–æ–Ω —Ä–µ–∫–æ–º–µ–Ω–¥—É—é.
0	"–¶–µ–Ω–∞ –∫–∞—á–µ—Å—Ç–≤–æ, –Ω–µ —Å–æ–≤–µ—Ç—É—é  –û–ø—ã—Ç –∏—Å–ø–æ–ª—å–∑–æ–≤–∞–Ω–∏—è: –º–µ—Å—è—Ü –î–æ—Å—Ç–æ–∏–Ω—Å—Ç–≤–∞: –ë–æ–ª—å—à–æ–π —ç–∫—Ä–∞–Ω 6.5"" –ï–º–∫–∞—è –±–∞—Ç–∞—Ä–µ—è 5000mA –í—Å—ë! –ù–µ–¥–æ—Å—Ç–∞—Ç–∫–∏: –°–ª–∞–±—ã–π –ø—Ä–æ—Ü–µ—Å—Å–æ—Ä. –¢–æ—á–Ω–æ —Ç–∞–∫–æ–π-–∂–µ –∫–∞–∫ –≤ –ø—Ä–æ—Å—Ç—ã—Ö –∫–∏—Ç–∞–π—Ü–∞ 2018-2019 –≥–≥. –° –ø–æ–¥–¥–µ—Ä–∂–∫–æ–π —Å–µ—Ç–µ–π 4G –ü–æ—Å—Ä–µ–¥—Å—Ç–≤–µ–Ω–Ω–∞—è –∫–∞–º–µ—Ä–∞. –¢–µ–∫—Å—Ç—É—Ä–∞ –∑–∞–¥–Ω–µ–π –∫—Ä—ã—à–∫–∏ (–≤–æ–æ–±—â–µ –Ω–∞ –ª—é–±–∏—Ç–µ–ª—è). –î–æ—Ä–æ–≥–æ–π. Samsung –ø—ã—Ç–∞–ª—Å—è –ø–æ–≤—Ç–æ—Ä–∏—Ç—å —É—Å–ø–µ—Ö –∫–∏—Ç–∞–π—Ü–µ–≤ –ø–æ –∞–Ω–∞–ª–æ–≥–∏—á–Ω—ã–º —É—Å—Ç—Ä–æ–π—Å—Ç–≤–∞–º, –∫–æ—Ç–æ—Ä—ã–µ —Ä–∞–∑–ª–µ—Ç–µ–ª–∏—Å—å –∫–∞–∫ –ø–∏—Ä–æ–∂–∫–∏ –ø–æ —Ü–µ–Ω–µ 3500-4000, –Ω–æ –Ω–µ —Ñ–æ—Ä—Ç–∞–Ω—É–ª–æ –∏–º. –¶–µ–Ω–∞ –Ω–∞ –¥–∞–Ω–Ω—ã–π —Å–∞–º—Å—É–Ω–≥ 8000 –æ—á–µ–Ω—å –≤—ã—Å–æ–∫–∞—è. –ó–∞ —ç—Ç–∏ –¥–µ–Ω—å–≥–∏ –º–æ–∂–Ω–æ –∫—É–ø–∏—Ç—å —Ç–æ—Ç –∂–µ Redmi 9 (9c), realme C11 - –Ω–∞ –ø–æ—Ä—è–¥–æ–∫ –ª—É—á—à–µ"
0	–°–ª–∏—à–∫–æ–º —Ç—è–∂–µ–ª—ã–π –∏ –±–æ–ª—å—à–æ–π-–Ω–µ—É–¥–æ–±–Ω–æ –ù–µ —Ç–∞–∫ –¥–∞–≤–Ω–æ –∂–µ–Ω–∞ –ø–æ–¥–∞—Ä–∏–ª–∞ –º–Ω–µ —ç—Ç–æ—Ç —Å–º–∞—Ä—Ç—Ñ–æ–Ω.–î–æ —ç—Ç–æ–≥–æ –±—ã–ª Honor 8a (–æ—Ç–∑—ã–≤ —Ç–æ–∂–µ –µ—Å—Ç—å —É –º–µ–Ω—è –æ –Ω–µ–º),–Ω–æ –æ–Ω —É –º–µ–Ω—è —Ä–∞–∑–±–∏–ª—Å—è –æ–± –∞—Å—Ñ–∞–ª—å—Ç. –ü–∏—à—É –æ—Ç–∑—ã–≤ –≤ —Å—Ä–∞–≤–Ω–∏–≤–∞—è —ç—Ç–∏ –¥–≤–∞ —Ç–µ–ª–µ—Ñ–æ–Ω–∞(–±–æ–ª—å—à–µ —Å—Ä–∞–≤–Ω–∏–≤–∞—Ç—å –ø–æ–∫–∞ –Ω–µ —Å —á–µ–º).–ü–æ —Ü–µ–Ω–µ –æ–Ω–∏ —Å—Ö–æ–∂–∏-–æ–∫–æ–ª–æ 10000 —Ä—É–±–ª–µ–π.–ü–æ —Ñ—É–Ω–∫—Ü–∏—è–º —Å–∞–º—Å—É–Ω–≥ —É—Å—Ç—É–ø–∞–µ—Ç —Ö–æ–Ω–æ—Ä—É.–ù–∞–ø—Ä–∏–º–µ—Ä:–Ω–µ—Ç —Ñ—É–Ω–∫—Ü–∏–∏ –æ—Ç–ø–µ—á–∞—Ç–∫–∞ –ø–∞–ª—å—Ü–∞.–ù–æ ,–∫–∞–∫ –≥–æ–≤–æ—Ä–∏—Ç—Å—è,–∑–∞ –±—Ä–µ–Ω–¥ —Å–∞–º—Å—É–Ω–≥ –Ω–∞–¥–æ –¥–æ–ø–ª–∞—á–∏–≤–∞—Ç—å. –≠—Ç–æ—Ç —Ç–µ–ª–µ—Ñ–æ–Ω –æ—á–µ–Ω—å —Ç—è–∂–µ–ª—ã–π(–æ–∫–æ–ª–æ 250 –≥) –∏ —Ç–æ–ª—Å—Ç—ã–π-–Ω–µ—É–¥–æ–±–Ω–æ –æ–¥–Ω–æ–π —Ä—É–∫–æ–π —á—Ç–æ —Ç–æ –ø–∏—Å–∞—Ç—å-–ø—Ä–æ—Å—Ç–æ –Ω–∞–ø—Ä–æ—Å—Ç–æ –ø–∞–ª–µ—Ü –Ω–µ –¥–æ—Ç—è–≥–∏–≤–∞–µ—Ç—Å—è.–ü–æ —Ä–∞–∑–º–µ—Ä–∞–º –æ–Ω –∏ –≤—ã—à–µ –∏ —à–∏—Ä–µ –∏ —Ç—è–∂–µ–ª–µ–µ —Ö–æ–Ω–æ—Ä–∞.–î–∞–∂–µ –ø–æ–ª–Ω–æ—Å—Ç—å—é –Ω–µ –ø–æ–º–µ—â–∞–µ—Ç—Å—è –≤ –∫–∞—Ä–º–∞–Ω. –ù—É –∞ —Ç–∞–∫,–≤ —Ü–µ–ª–æ–º,–ø–æ —Ä–∞–±–æ—Ç–µ —É—Å—Ç—Ä–æ–π—Å—Ç–≤–∞ –Ω–∞—Ä–µ–∫–∞–Ω–∏–π –Ω–µ—Ç-—Ä–∞–±–æ—Ç–∞–µ—Ç –Ω–æ—Ä–º–∞–ª—å–Ω–æ,–ø–æ–∫–∞ –Ω–µ —Ç–æ—Ä–º–æ–∑–∏—Ç.–ö–∞–º–µ—Ä—ã 13 –º–ø —Ö–≤–∞—Ç–∞–µ—Ç.–ó–∞—Ä—è–¥–∫—É –¥–µ—Ä–∂–∏—Ç –±–æ–ª—å—à–µ —Å—É—Ç–æ–∫ ,–¥–∞–∂–µ –µ—Å–ª–∏ –∞–∫—Ç–∏–≤–Ω–æ –ø–æ–ª—å–∑–æ–≤–∞—Ç—å—Å—è. –í –æ–±—â–µ–º –≤—ã–±–æ—Ä –∑–∞ –≤–∞–º–∏ : –∏–ª–∏ –∫—É–ø–∏—Ç—å –±–æ–ª–µ–µ –ø—Ä–æ–¥–≤–∏–Ω—É—Ç—ã–π —Å–º–∞—Ä—Ç—Ñ–æ–Ω ,–Ω–æ –Ω–µ —Ç–∞–∫–æ–π –∫—Ä—É–ø–Ω–æ–π –∫–æ–º–ø–∞–Ω–∏–∏ ,–∫–∞–∫ —Å–∞–º—Å—É–Ω–≥, –∏–ª–∏ –∫—É–ø–∏—Ç—å –±—Ä–µ–Ω–¥,—Å–ª–∞–≤—è—â–∏–π—Å—è —Å–≤–æ–∏–º –∫–∞—á–µ—Å—Ç–≤–æ–º.
1	–¢–µ–ª–µ—Ñ–æ–Ω —Å —Ñ–æ—Ç–æ-–∫–∞–º–µ—Ä–æ–π, —Ä–∞–¥–∏–æ –∏ —Ñ–æ–Ω–∞—Ä–∏–∫–æ–º –∑–∞ —Å–∏–º–≤–æ–ª–∏—á–µ—Å–∫–∏–µ –¥–µ–Ω—å–≥–∏
